system:index,area_m2,chunk_id,confiden_1,confiden_2,confidence,field_id,label,mean,perimeter_,shape_inde,size_class,time,.geo
00000000000000000005,2621.2563827403064,N24E091,0.466545552015305,0.466545552015305,0.466545552015305,6,field,0.13316693686616063,282.92222568152727,1.558860969580761,large,2025/01/01 00:00:00,"{""type"":""Polygon"",""coordinates"":[[[91.70308088772897,24.743890632881023],[91.70308088772897,24.74380143771537],[91.70317451260212,24.743801466129682],[91.70317451260212,24.743712270945128],[91.7035312088962,24.743712313646814],[91.7035312088962,24.74380141826618],[91.7037096323302,24.74380148371962],[91.7037096323302,24.74397978343419],[91.70362038342734,24.743979796436925],[91.70362038342734,24.74415818662288],[91.70326368640106,24.744158144199456],[91.70326368640106,24.74406903965916],[91.70299171430526,24.744069034926127],[91.70299171430526,24.743890644654915],[91.70308088772897,24.743890632881023]],[[91.70335286038306,24.74389063746446],[91.7034420345481,24.743890625468214],[91.7034420345481,24.74397982060002],[91.70335286038306,24.743979832599205],[91.70335286038306,24.74389063746446]]]}"
00000000000000000006,1988.8497281284435,N24E091,0.449589788913727,0.439264923334122,0.449589788913727,7,field,0.13437286857880795,228.42642649305387,1.444908774912127,large,2025/01/01 00:00:00,"{""type"":""Polygon"",""coordinates"":[[[91.69401106330011,24.724578266029656],[91.69401106330011,24.724756666381243],[91.69418944762484,24.72475665425161],[91.69418944762484,24.724845854388796],[91.69427860297579,24.7248458486555],[91.69427860297579,24.724934958209438],[91.69436775850983,24.72493504297686],[91.69436775850983,24.72511335257187],[91.69401106330011,24.725113376263714],[91.69401106330011,24.725024176186253],[91.69392190849862,24.7250241817608],[91.69392190849862,24.724934981658564],[91.69382822939947,24.724935038006905],[91.69382822939947,24.724578237367208],[91.69401106330011,24.724578266029656]]]}"
00000000000000000007,3255.1192449605783,N24E091,0.494762808084488,0.485695123672485,0.494762808084488,8,field,0.07714063938269654,362.5685204278997,1.792675614704242,large,2025/01/01 00:00:00,"{""type"":""Polygon"",""coordinates"":[[[91.73955628015827,24.69619160601927],[91.73955628015827,24.69609796275625],[91.73964552856654,24.696098020615747],[91.73964552856654,24.696008814973677],[91.73973470290751,24.69600878307317],[91.73973470290751,24.695919667976565],[91.73955628015827,24.695919642008572],[91.73955628015827,24.695830436320207],[91.73964552856654,24.695830403624573],[91.73964552856654,24.69574128848172],[91.7400022270257,24.695741251150462],[91.7400022270257,24.695830456845503],[91.73991305213708,24.69583048890465],[91.73991305213708,24.696008809671643],[91.7400022270257,24.69600877760653],[91.7400022270257,24.696097983236626],[91.73991305213708,24.696098015304734],[91.73991305213708,24.69663750515419],[91.73982387743102,24.69663753718549],[91.73982387743102,24.69654833168039],[91.73964552856654,24.696548395572407],[91.73964552856654,24.696459190039672],[91.73955628015827,24.696459222756378],[91.73955628015827,24.696370017198998],[91.73946265120102,24.69637000979391],[91.73946265120102,24.69619159860788],[91.73955628015827,24.69619160601927]]]}"
00000000000000000008,2078.923855475028,N24E091,0.453489154577255,0.453489154577255,0.453489154577255,9,field,0.2279054232417269,304.54584266371415,1.884206301724876,large,2025/01/01 00:00:00,"{""type"":""Polygon"",""coordinates"":[[[91.66454529335331,24.747212653670854],[91.66454529335331,24.74739548193971],[91.66472370475084,24.74739550295984],[91.66472370475084,24.747301870273102],[91.66463446189927,24.74730186019695],[91.66463446189927,24.74721266462371],[91.66472370475084,24.747212674702748],[91.66472370475084,24.74712347911037],[91.66481287366406,24.74712348995633],[91.66481287366406,24.747212685545836],[91.66499565939166,24.74721265792089],[91.66499565939166,24.74730185348252],[91.66490649010217,24.74730184275476],[91.66490649010217,24.74748467095472],[91.66499565939166,24.747484681676614],[91.66499565939166,24.747663072643615],[91.66463446189927,24.747663079405008],[91.66463446189927,24.74757388392092],[91.66454529335331,24.747573872979665],[91.66454529335331,24.747484677470688],[91.66445612499092,24.747484666471703],[91.66445612499092,24.747212642663122],[91.66454529335331,24.747212653670854]]]}"
00000000000000000012,1805.2982599084307,N24E091,0.489725857973099,0.489725857973099,0.489725857973099,19,field,-0.1056879641082552,190.216762767633,1.262901190111833,large,2025/01/01 00:00:00,"{""type"":""Polygon"",""coordinates"":[[[91.99665022990992,24.89489809095858],[91.99665022990992,24.894987237535265],[91.99673940399384,24.894987317494554],[91.99673940399384,24.895165610571993],[91.99665022990992,24.895165621123688],[91.99665022990992,24.895254858135374],[91.99656105600499,24.895254778130948],[91.99656105600499,24.89534401512303],[91.99638270873223,24.895344035962694],[91.99638270873223,24.895254798963744],[91.9962935353644,24.895254809296922],[91.9962935353644,24.894898132569352],[91.99665022990992,24.89489809095858]]]}"
00000000000000000016,1897.0273588598432,N24E091,0.445345818996429,0.445345818996429,0.445345818996429,23,field,0.4304072576454311,233.5488574712299,1.512641522954079,large,2025/01/01 00:00:00,"{""type"":""Polygon"",""coordinates"":[[[91.92802019867862,24.801653833338385],[91.92802019867862,24.801743006241015],[91.92810938386995,24.801743039895385],[91.92810938386995,24.802099731268836],[91.92802019867862,24.802099697627757],[91.92802019867862,24.802460915190085],[91.92793101366728,24.802460972037867],[91.92793101366728,24.802371708781386],[91.92784182883595,24.802371765570594],[91.92784182883595,24.801653856388057],[91.92802019867862,24.801653833338385]]]}"
00000000000000000017,1625.3829089753679,N24E091,0.504956603050232,0.504956603050232,0.504956603050232,24,field,0.35884861782722666,190.25165915307076,1.331207256916494,large,2025/01/01 00:00:00,"{""type"":""Polygon"",""coordinates"":[[[91.74485373483701,24.865343206334487],[91.74485373483701,24.865253952544315],[91.74512574594765,24.865253959284498],[91.74512574594765,24.865343213065515],[91.74521493150529,24.86534317211195],[91.74521493150529,24.865610752266843],[91.7450321050215,24.865610704882073],[91.7450321050215,24.86569986805387],[91.744942919838,24.865699908906308],[91.744942919838,24.86561074573152],[91.74485373483701,24.865610696004797],[91.74485373483701,24.865521532804173],[91.74476455001854,24.865521573540306],[91.74476455001854,24.865343156543563],[91.74485373483701,24.865343206334487]]]}"
00000000000000000018,1805.5974252843619,N24E091,0.492122769355774,0.492122769355774,0.492122769355774,25,field,0.22461804027637738,246.42847112632887,1.635970571816093,large,2025/01/01 00:00:00,"{""type"":""Polygon"",""coordinates"":[[[91.97275392460013,24.875670452031102],[91.97275392460013,24.87558129956947],[91.97284752938216,24.875581245749295],[91.97284752938216,24.87567048871747],[91.97293673029534,24.87567049272914],[91.97293673029534,24.87558124976435],[91.97311513266007,24.875581257628074],[91.97311513266007,24.87549210515729],[91.9732934610968,24.875492113787413],[91.9732934610968,24.875670418692547],[91.97320425946596,24.87567041490269],[91.97320425946596,24.875764092827357],[91.97311513266007,24.875764088004214],[91.97311513266007,24.875853240405206],[91.97302593138798,24.87585323651142],[91.97302593138798,24.87594247940294],[91.97275392460013,24.875942434780278],[91.97275392460013,24.875764129973742],[91.97266472405471,24.875764125851976],[91.97266472405471,24.87567044790577],[91.97275392460013,24.875670452031102]]]}"
0000000000000000001d,1894.7234879227776,N24E091,0.469112813472748,0.435738116502762,0.465049415826797,30,field,0.337927761827522,231.73148419434168,1.501783027324791,large,2025/01/01 00:00:00,"{""type"":""Polygon"",""coordinates"":[[[91.77512658737567,24.96622140637567],[91.77512658737567,24.9665825654349],[91.77521575996974,24.966582593840183],[91.77521575996974,24.966939318332944],[91.77503741496365,24.966939351984706],[91.77503741496365,24.966850125644104],[91.77494816842355,24.966850188511696],[91.77494816842355,24.966404237426882],[91.77485899637578,24.966404208849386],[91.77485899637578,24.96622141216511],[91.77512658737567,24.96622140637567]]]}"
0000000000000000001e,2259.488355128952,N24E091,0.460326433181763,0.460326433181763,0.460326433181763,31,field,0.18384921804255966,244.84044274607547,1.453025280481909,large,2025/01/01 00:00:00,"{""type"":""Polygon"",""coordinates"":[[[91.7299425058176,24.753682831117263],[91.7299425058176,24.753593639258327],[91.73003166029088,24.753593611409954],[91.73003166029088,24.75368280326592],[91.73030365308452,24.753682848467616],[91.73030365308452,24.753772040292436],[91.73048203792739,24.753771983231065],[91.73048203792739,24.753861175027897],[91.73057119350565,24.7538611468382],[91.73057119350565,24.754039530359773],[91.73012088918053,24.754039541698486],[91.73012088918053,24.753950349933707],[91.7299425058176,24.75395040656175],[91.7299425058176,24.753861214768975],[91.7298532772936,24.753861152873746],[91.7298532772936,24.75368285976615],[91.7299425058176,24.753682831117263]]]}"
00000000000000000020,1537.0283912336597,N24E091,0.430678933858871,0.430678933858871,0.430678933858871,33,field,0.4114547531257888,192.08779981022144,1.382145949312609,large,2025/01/01 00:00:00,"{""type"":""Polygon"",""coordinates"":[[[91.69535767909606,24.70903382137398],[91.69535767909606,24.70876629998137],[91.69553606895394,24.70876628723995],[91.69553606895394,24.70885549124086],[91.69562522707031,24.708855485201845],[91.69562522707031,24.70912744405849],[91.69553606895394,24.70912745010639],[91.69553606895394,24.709305857910383],[91.69535767909606,24.709305870687082],[91.69535767909606,24.709216666790127],[91.69526852152913,24.70921667267644],[91.69526852152913,24.709033827254324],[91.69535767909606,24.70903382137398]]]}"
00000000000000000021,3067.2231338417882,N24E091,0.4788618683815,0.4788618683815,0.4788618683815,34,field,0.44307182325324423,280.84449064073505,1.430501412996269,large,2025/01/01 00:00:00,"{""type"":""Polygon"",""coordinates"":[[[91.87834134603081,24.97619199600607],[91.87834134603081,24.976102775746803],[91.87888092256674,24.976102788316524],[91.87888092256674,24.976192008556264],[91.87906378718088,24.97619197456242],[91.87906378718088,24.976285628635672],[91.87915294792197,24.976285594833985],[91.87915294792197,24.976463944686394],[91.87852420840366,24.976463966692343],[91.87852420840366,24.976553186849372],[91.87843504893594,24.97655312978258],[91.87843504893594,24.976464000109306],[91.87834134603081,24.97646400001785],[91.87834134603081,24.976285650106757],[91.87825218693344,24.976285592916483],[91.87825218693344,24.976191938812384],[91.87834134603081,24.97619199600607]]]}"
00000000000000000024,3611.5135145753484,N24E091,0.443901389837265,0.443901389837265,0.443901389837265,37,field,0.04143946558226788,342.43169185161656,1.607401604011984,large,2025/01/01 00:00:00,"{""type"":""Polygon"",""coordinates"":[[[91.95020869516391,24.8660610898067],[91.95020869516391,24.86578909673361],[91.95029792511178,24.865789114217517],[91.95029792511178,24.865699867861792],[91.95047623633248,24.86569990460862],[91.95047623633248,24.865789060444108],[91.95056986866277,24.865789111081394],[91.95056986866277,24.86588270205203],[91.95074825558677,24.865882737477857],[91.95074825558677,24.86597189325634],[91.9508374120144,24.865971911367545],[91.9508374120144,24.866150313362784],[91.95074825558677,24.8661502952583],[91.95074825558677,24.86623945096832],[91.95038708063234,24.86623943713788],[91.95038708063234,24.86632859283867],[91.95029792511178,24.866328664974617],[91.95029792511178,24.86641782065592],[91.95038708063234,24.866417839030003],[91.95038708063234,24.866511429838955],[91.95020869516391,24.866511484525038],[91.95020869516391,24.866328647511036],[91.95011954000265,24.86632862902281],[91.95011954000265,24.866061071308415],[91.95020869516391,24.8660610898067]]]}"
00000000000000000026,1534.9689063839055,N24E091,0.450876742601395,0.450876742601395,0.450876742601395,39,field,0.13512991398603524,170.34805891620275,1.22654211807857,large,2025/01/01 00:00:00,"{""type"":""Polygon"",""coordinates"":[[[91.90412386486456,24.86282823525992],[91.90412386486456,24.863184958803345],[91.9039455170145,24.863184957709514],[91.9039455170145,24.863095799480316],[91.90367795932735,24.86309575262928],[91.90367795932735,24.862828277775442],[91.90412386486456,24.86282823525992]]]}"
0000000000000000002b,1626.4500485321762,N24E091,0.444479137659073,0.444479137659073,0.444479137659073,44,field,-0.09919092694814141,190.31101132147506,1.331185628185224,large,2025/01/01 00:00:00,"{""type"":""Polygon"",""coordinates"":[[[91.79767625286232,24.77811423808979],[91.79767625286232,24.778025054598192],[91.79785461589977,24.778025097321397],[91.79785461589977,24.77838626766467],[91.79767625286232,24.778386224966546],[91.79767625286232,24.778475408368166],[91.7974934296448,24.77847541872739],[91.7974934296448,24.778297051889258],[91.79740421159724,24.778297030785463],[91.79740421159724,24.778114227313207],[91.79767625286232,24.77811423808979]]]}"
0000000000000000002c,2714.525451129712,N24E091,0.520457804203033,0.520457804203033,0.520457804203033,45,field,-0.031246310441264868,304.7000617585767,1.649759550868295,large,2025/01/01 00:00:00,"{""type"":""Polygon"",""coordinates"":[[[91.72643764002162,24.60644776558392],[91.72643764002162,24.606536902510964],[91.72679883243619,24.606536947628562],[91.72679883243619,24.606808978144837],[91.72670961035666,24.606808909382337],[91.72670961035666,24.60689813680146],[91.72662046268786,24.60689815772631],[91.72662046268786,24.60671979344735],[91.72652678731592,24.60671977539424],[91.72652678731592,24.606808912254234],[91.72643764002162,24.60680893306399],[91.72643764002162,24.606987297313122],[91.72625927175369,24.60698733962738],[91.72625927175369,24.60689811221428],[91.7261701250074,24.60689813286293],[91.7261701250074,24.606536965431882],[91.72608090421686,24.606536986860643],[91.72608090421686,24.6064477593354],[91.72643764002162,24.60644776558392]]]}"
0000000000000000002e,2080.6083393765957,N24E091,0.478382557630539,0.478382557630539,0.478382557630539,47,field,-0.06029483328452546,288.1878210490796,1.782278318574185,large,2025/01/01 00:00:00,"{""type"":""Polygon"",""coordinates"":[[[91.73488317119136,24.638517622514314],[91.73488317119136,24.638339273770104],[91.7349723357823,24.638339246725916],[91.7349723357823,24.638067239827485],[91.735061574798,24.638067211885435],[91.735061574798,24.63797808271189],[91.73515073975425,24.63797805557021],[91.73515073975425,24.638067275319194],[91.73524435944266,24.638067287561263],[91.73524435944266,24.63825007475084],[91.73515073975425,24.6382500625152],[91.73515073975425,24.638339282199382],[91.735061574798,24.638339218774778],[91.735061574798,24.6384284384407],[91.73515073975425,24.638428411283975],[91.73515073975425,24.638695979566993],[91.735061574798,24.638696006732662],[91.735061574798,24.6387896646475],[91.73488317119136,24.63878962909469],[91.73488317119136,24.638606842143705],[91.73479400678298,24.638606778563783],[91.73479400678298,24.6385176495097],[91.73488317119136,24.638517622514314]]]}"
0000000000000000002f,1897.7687077653916,N24E091,0.453545719385147,0.453545719385147,0.453545719385147,48,field,0.252651000815212,259.541882054551,1.680663920197835,large,2025/01/01 00:00:00,"{""type"":""Polygon"",""coordinates"":[[[91.95559974530676,24.750628301124998],[91.95559974530676,24.750717485695503],[91.95613929681913,24.750717542451543],[91.95613929681913,24.750806726979643],[91.95631770618493,24.750806673634916],[91.95631770618493,24.750895858134285],[91.95541693650807,24.750895873837212],[91.95541693650807,24.750717504748494],[91.95532777085765,24.75071748513167],[91.95532777085765,24.75062830055092],[91.95559974530676,24.750628301124998]]]}"
00000000000000000030,4600.148215962791,N24E091,0.468918085098267,0.468918085098267,0.468918085098267,49,field,-0.10832256649855325,423.6235594875384,1.761932476292068,large,2025/01/01 00:00:00,"{""type"":""Polygon"",""coordinates"":[[[91.85893983267304,24.996766248439105],[91.85893983267304,24.996405043166423],[91.85902902708932,24.99640511071781],[91.85902902708932,24.99622667951897],[91.85893983267304,24.996226702443543],[91.85893983267304,24.99595471229983],[91.859479394648,24.995954700325306],[91.859479394648,24.99622669041013],[91.8593901993179,24.99622671361506],[91.8593901993179,24.99685547496775],[91.85930100416877,24.99685540765743],[91.85930100416877,24.996944623091547],[91.85920734201167,24.99694461126529],[91.85920734201167,24.996677055363822],[91.85902902708932,24.99667710048614],[91.85902902708932,24.996944656406708],[91.85885063843774,24.99694461176946],[91.85885063843774,24.996766271327434],[91.85893983267304,24.996766248439105]]]}"
00000000000000000031,1990.2839543354744,N24E091,0.533335626125336,0.533335626125336,0.533335626125336,50,field,0.010668563791402868,206.89796997966255,1.308259137199315,large,2025/01/01 00:00:00,"{""type"":""Polygon"",""coordinates"":[[[91.70173425498386,24.632319513551092],[91.70173425498386,24.632230291324966],[91.70191704798927,24.632230317071993],[91.70191704798927,24.632319448711193],[91.70200621920695,24.63231944125999],[91.70200621920695,24.63249779504987],[91.70191704798927,24.63249780250693],[91.70191704798927,24.632591463125486],[91.70137749926002,24.6325914670823],[91.70137749926002,24.63231945261395],[91.70173425498386,24.632319513551092]]]}"
00000000000000000033,813.1623457395108,N24E091,0.430602252483368,0.430602252483368,0.430602252483368,52,field,0.5141833484617632,132.34595447447327,1.309233497318021,medium,2025/01/01 00:00:00,"{""type"":""Polygon"",""coordinates"":[[[91.69778347306945,24.795901621339755],[91.69778347306945,24.79608442258427],[91.69787263580065,24.796084412309668],[91.69787263580065,24.796173594652995],[91.69760507397804,24.79617362615765],[91.69760507397804,24.796084443805572],[91.69751146110976,24.796084413592343],[91.69751146110976,24.795901612329565],[91.69778347306945,24.795901621339755]]]}"
00000000000000000035,1353.1253068209217,N24E091,0.423365384340286,0.423365384340286,0.423365384340286,54,field,0.38812248400120863,195.44525171963772,1.498825880691074,medium,2025/01/01 00:00:00,"{""type"":""Polygon"",""coordinates"":[[[91.87950966717955,24.981582977801466],[91.87950966717955,24.98221176147434],[91.87942050571603,24.982211795711752],[91.87942050571603,24.982300923827932],[91.87933126994587,24.98230095894874],[91.87933126994587,24.98158304711109],[91.87950966717955,24.981582977801466]]]}"
00000000000000000036,541.9868789190803,N24E091,0.405080944299698,0.405080944299698,0.405080944299698,55,field,0.10448632545136158,94.27322180553935,1.14232328909273,medium,2025/01/01 00:00:00,"{""type"":""Polygon"",""coordinates"":[[[91.77467619424698,24.81809003725824],[91.77467619424698,24.818268476249067],[91.77440868031555,24.818268465144094],[91.77440868031555,24.8180901166672],[91.77467619424698,24.81809003725824]]]}"
0000000000000000003f,542.2166487771331,N24E091,0.424999445676804,0.424999445676804,0.424999445676804,64,field,0.3379217470433079,114.19353502218902,1.383407612393304,medium,2025/01/01 00:00:00,"{""type"":""Polygon"",""coordinates"":[[[91.65385684921824,24.774341848767587],[91.65385684921824,24.774252659550328],[91.6539460698585,24.774252675400255],[91.6539460698585,24.774341864614662],[91.65403521657895,24.774341881220945],[91.65403521657893,24.77452469639842],[91.65385684921824,24.774524663956743],[91.65385684921824,24.774431037962653],[91.65376318256459,24.774430980357927],[91.65376318256459,24.77434188170729],[91.65385684921824,24.774341848767587]]]}"
00000000000000000040,451.23621419440053,N24E091,0.491458386182785,0.491458386182785,0.491458386182785,65,field,0.4245269636174182,94.22232363044498,1.251258108289344,medium,2025/01/01 00:00:00,"{""type"":""Polygon"",""coordinates"":[[[91.76219068817535,24.93639892628177],[91.76219068817535,24.93648816106468],[91.76227990864004,24.936488107145994],[91.76227990864004,24.93657734190254],[91.76201232208135,24.936577321624373],[91.76201232208135,24.93639894257157],[91.76219068817535,24.93639892628177]]]}"
00000000000000000041,542.417370438924,N24E091,0.543424487113953,0.543424487113953,0.543424487113953,66,field,0.19667358890640158,114.21358661720414,1.383394495429811,medium,2025/01/01 00:00:00,"{""type"":""Polygon"",""coordinates"":[[[91.70559577234751,24.722959601040458],[91.70559577234751,24.7228704008154],[91.70568947683236,24.722870427489095],[91.70568947683236,24.72295962771106],[91.70577865579345,24.722959614963933],[91.70577865579344,24.723138015336477],[91.70559577234751,24.723138001425045],[91.70559577234751,24.723048801243674],[91.70550659376178,24.72304881388118],[91.70550659376178,24.722959613675037],[91.70559577234751,24.722959601040458]]]}"
00000000000000000043,813.298564287881,N24E091,0.460292160511017,0.456351190805435,0.460292160511017,68,field,0.4568515022595723,173.87806416778903,1.719946196934306,medium,2025/01/01 00:00:00,"{""type"":""Polygon"",""coordinates"":[[[91.99997675356849,24.752242535063107],[91.99997675356849,24.752603701331306],[92.00006593433007,24.752603694202087],[92.00006593433007,24.752782058952462],[91.99997675356849,24.75278206608856],[91.99997675356849,24.752692883720947],[91.99988309155432,24.752692859759094],[91.99988309155432,24.752425312513218],[91.99979391115974,24.752425319522246],[91.99979391115974,24.752242518084966],[91.99997675356849,24.752242535063107]]]}"
00000000000000000045,903.3379950149463,N24E091,0.400359094142914,0.400359094142914,0.400359094142914,70,field,0.44192969092924006,152.22927503781816,1.428789034416988,medium,2025/01/01 00:00:00,"{""type"":""Polygon"",""coordinates"":[[[91.72122940948769,24.818718848459884],[91.72122940948769,24.818629672554657],[91.72131862033031,24.818629647070605],[91.72131862033031,24.81854047114583],[91.72149696834536,24.818540420868175],[91.72149696834536,24.818718772683415],[91.72140775713699,24.818718798280557],[91.72140775713699,24.818897150011704],[91.72122940948769,24.81889720020284],[91.72122940948769,24.81880802434261],[91.72114019882801,24.818807959243596],[91.72114019882801,24.818718783357888],[91.72122940948769,24.818718848459884]]]}"
00000000000000000047,633.0637659389024,N24E091,0.512956559658051,0.512956559658051,0.512956559658051,72,field,0.14848227843530756,134.1317062148521,1.503844003962545,medium,2025/01/01 00:00:00,"{""type"":""Polygon"",""coordinates"":[[[91.69966965249887,24.674359900927502],[91.69966965249887,24.674542672713887],[91.69975881910273,24.67454266525745],[91.69975881910273,24.674721089554595],[91.69958048607808,24.67472110442438],[91.69958048607808,24.674449029961654],[91.69949131984035,24.67444903730545],[91.69949131984035,24.674359915664045],[91.69966965249887,24.674359900927502]]]}"
0000000000000000004a,1083.463859521238,N24E091,0.399584710597992,0.399584710597992,0.399584710597992,75,field,0.3971034975921044,188.4953588909628,1.615431379855679,medium,2025/01/01 00:00:00,"{""type"":""Polygon"",""coordinates"":[[[91.81609229905082,24.874323791162976],[91.81609229905082,24.874412949664436],[91.81635984486279,24.874412970745247],[91.81635984486279,24.874595813469654],[91.81627066274395,24.874595806504384],[91.81627066274395,24.874506648056077],[91.81609229905082,24.874506633953512],[91.81609229905082,24.874595792408055],[91.81590947329993,24.874595832084633],[91.81590947329993,24.874506583107483],[91.81582029209778,24.874506666376245],[91.81582029209778,24.87432382356622],[91.81609229905082,24.874323791162976]]]}"
0000000000000000004d,361.09006541188995,N24E091,0.407371252775192,0.407371252775192,0.407371252775192,78,field,0.3934203222916838,76.0899669364429,1.129574015510193,medium,2025/01/01 00:00:00,"{""type"":""Polygon"",""coordinates"":[[[91.78303251937928,24.89947757980166],[91.78303251937928,24.899655976626743],[91.78285421678719,24.899655923976685],[91.78285421678719,24.899477617650174],[91.78303251937928,24.89947757980166]]]}"
00000000000000000051,722.893480854168,N24E091,0.465975821018219,0.465975821018219,0.465975821018219,82,field,0.03873963260816203,114.18832896630943,1.198062932195687,medium,2025/01/01 00:00:00,"{""type"":""Polygon"",""coordinates"":[[[91.98560060174088,24.760148562487423],[91.98560060174088,24.760059381389357],[91.98578338571735,24.760059325242047],[91.98578338571735,24.76033130486604],[91.98551137535912,24.760331360482606],[91.98551137535912,24.760148561928375],[91.98560060174088,24.760148562487423]]]}"
00000000000000000058,360.8341832359092,N24E091,0.419471949338913,0.419471949338913,0.419471949338913,89,field,0.30273981958497564,95.96082081335868,1.425066678928589,medium,2025/01/01 00:00:00,"{""type"":""Polygon"",""coordinates"":[[[91.9120298781533,24.97933561481373],[91.9120298781533,24.979246487101815],[91.91211903105771,24.979246433620176],[91.91211903105771,24.97951843140641],[91.9120298781533,24.979518484898012],[91.9120298781533,24.97942926674956],[91.91194072542898,24.979429229697445],[91.91194072542898,24.979335668243134],[91.9120298781533,24.97933561481373]]]}"
0000000000000000005b,361.8471987460981,N24E091,0.555869162082672,0.555869162082672,0.555869162082672,92,field,-0.008648159776452871,76.16610068461992,1.129520670592042,medium,2025/01/01 00:00:00,"{""type"":""Polygon"",""coordinates"":[[[91.65403521657893,24.644359012174743],[91.65403521657895,24.644537363337374],[91.65385684921824,24.644537413166272],[91.65385684921824,24.644359061992276],[91.65403521657893,24.644359012174743]]]}"
0000000000000000005c,904.0115160293044,N24E091,0.413275629281998,0.413275629281998,0.413275629281998,93,field,0.4668264773088631,134.10794487184657,1.258237410778499,medium,2025/01/01 00:00:00,"{""type"":""Polygon"",""coordinates"":[[[91.94446090485366,24.70733048000215],[91.94446090485366,24.7072412843726],[91.94463926715416,24.70724124875301],[91.94463926715416,24.707508835556432],[91.94455012321271,24.70750880764601],[91.94455012321271,24.70759800320705],[91.94436728544792,24.707598005887405],[91.94436728544792,24.707330509672456],[91.94446090485366,24.70733048000215]]]}"
0000000000000000005d,722.7325238625514,N24E091,0.475279897451401,0.475279897451401,0.475279897451401,94,field,0.24549120440592176,115.90980409011843,1.216260045578292,medium,2025/01/01 00:00:00,"{""type"":""Polygon"",""coordinates"":[[[91.92137171102064,24.792579578859378],[91.92137171102064,24.79293628041683],[91.92119336802007,24.792936294581605],[91.92119336802007,24.792579592997747],[91.92137171102064,24.792579578859378]]]}"
00000000000000000063,541.6106140465115,N24E091,0.453056246042252,0.453056246042252,0.453056246042252,100,field,0.1998866224775509,95.98619669684498,1.163483606385054,medium,2025/01/01 00:00:00,"{""type"":""Polygon"",""coordinates"":[[[91.6987689465373,24.911873918330627],[91.6987689465373,24.912145902127666],[91.69859054339737,24.912145932156438],[91.69859054339737,24.911873857831154],[91.6987689465373,24.911873918330627]]]}"
00000000000000000064,180.62581379644251,N24E091,0.40117421746254,0.40117421746254,0.40117421746254,101,field,0.41290299089058585,57.95013315430175,1.216352908070796,small,2025/01/01 00:00:00,"{""type"":""Polygon"",""coordinates"":[[[91.78545829472431,24.842793496919874],[91.78545829472431,24.842971832129287],[91.7853691012256,24.842971896347965],[91.7853691012256,24.842793470606928],[91.78545829472431,24.842793496919874]]]}"
00000000000000000065,270.78052686843137,N24E091,0.434139370918274,0.420877158641815,0.434139370918274,102,field,0.431106450945832,76.0850252730767,1.304324171848032,small,2025/01/01 00:00:00,"{""type"":""Polygon"",""coordinates"":[[[91.76659182944506,24.918072054581398],[91.76659182944506,24.917982905648653],[91.76668105890735,24.917982849626554],[91.76668105890735,24.918161237969308],[91.76650267446091,24.918161258588235],[91.76650267446091,24.91807201916913],[91.76659182944506,24.918072054581398]]]}"
00000000000000000066,271.1160879029905,N24E091,0.340043693780899,0.340043693780899,0.340043693780899,103,field,-0.0966575908106427,77.85717891166685,1.333877929664018,small,2025/01/01 00:00:00,"{""type"":""Polygon"",""coordinates"":[[[91.89981196918846,24.751346295402335],[91.89981196918846,24.751613764194428],[91.89972276663084,24.751613802654724],[91.89972276663084,24.7513462433082],[91.89981196918846,24.751346295402335]]]}"
00000000000000000067,90.3992564857435,N24E091,0.483006358146667,0.483006358146667,0.483006358146667,104,field,0.20874500274658203,38.07048119160692,1.129538412952203,small,2025/01/01 00:00:00,"{""type"":""Polygon"",""coordinates"":[[[91.68008525645799,24.730236867168454],[91.68008525645799,24.730326066420908],[91.67999613026636,24.73032606360367],[91.67999613026636,24.730236864348324],[91.68008525645799,24.730236867168454]]]}"
0000000000000000006b,90.41954673163329,N24E091,0.554089844226837,0.554089844226837,0.554089844226837,108,field,-0.14160643517971042,38.07447341344553,1.129530105602286,small,2025/01/01 00:00:00,"{""type"":""Polygon"",""coordinates"":[[[91.82345877327027,24.69017184273545],[91.82345877327027,24.690261046910994],[91.823365113162,24.690261001225632],[91.823365113162,24.690171887609395],[91.82345877327027,24.69017184273545]]]}"
00000000000000000072,270.9969388049948,N24E091,0.401341795921326,0.401341795921326,0.401341795921326,115,field,0.41093232390585915,76.11396091251794,1.304299111179637,small,2025/01/01 00:00:00,"{""type"":""Polygon"",""coordinates"":[[[91.79758703444195,24.814678838463063],[91.79758703444195,24.814857187063982],[91.7974934296448,24.814857219728022],[91.7974934296448,24.814768045435564],[91.79740421159724,24.81476802559832],[91.79740421159724,24.814678851280295],[91.79758703444195,24.814678838463063]]]}"
00000000000000000075,270.6564573637073,N24E091,0.367251127958298,0.367251127958298,0.367251127958298,118,field,0.42062652128481737,76.06833587259675,1.304336918454698,small,2025/01/01 00:00:00,"{""type"":""Polygon"",""coordinates"":[[[91.85885063843774,24.968736328768266],[91.85885063843774,24.96882555167709],[91.85876144438345,24.968825573511687],[91.85876144438345,24.96891913990728],[91.85867225051012,24.96891916168974],[91.85867225051012,24.968736372375616],[91.85885063843774,24.968736328768266]]]}"
00000000000000000079,90.38252039304035,N24E091,0.550515651702881,0.550515651702881,0.550515651702881,122,field,0.06201845708123425,38.06703000018291,1.129540581011956,small,2025/01/01 00:00:00,"{""type"":""Polygon"",""coordinates"":[[[91.8450140254221,24.74065778527315],[91.8450140254221,24.740746976355712],[91.84492485945417,24.740746981484516],[91.84492485945417,24.740657790398785],[91.8450140254221,24.74065778527315]]]}"
0000000000000000007b,90.35639296273919,N24E091,0.425283879041672,0.425283879041672,0.425283879041672,124,field,0.10029173642396927,38.06171372117645,1.12954610840946,small,2025/01/01 00:00:00,"{""type"":""Polygon"",""coordinates"":[[[91.99224910640429,24.767158211608304],[91.99224910640429,24.767247390691445],[91.99215994133601,24.767247393539737],[91.99215994133601,24.76715821445317],[91.99224910640429,24.767158211608304]]]}"
0000000000000000007d,90.43352627565753,N24E091,0.441687434911728,0.441687434911728,0.441687434911728,126,field,0.4448467754481132,38.0773221302325,1.129527303244219,small,2025/01/01 00:00:00,"{""type"":""Polygon"",""coordinates"":[[[91.74521493150529,24.676607235860125],[91.74521493150529,24.67669644601],[91.74512574594765,24.676696480634366],[91.74512574594765,24.676607270481494],[91.74521493150529,24.676607235860125]]]}"
0000000000000000007e,180.64349551747347,N24E091,0.407880067825317,0.407880067825317,0.407880067825317,127,field,0.3265470987872074,56.21229778361028,1.179818609351707,small,2025/01/01 00:00:00,"{""type"":""Polygon"",""coordinates"":[[[91.7076648114338,24.836684531803222],[91.7076648114338,24.836773703588893],[91.70748644595267,24.836773738835006],[91.70748644595267,24.836684567043484],[91.7076648114338,24.836684531803222]]]}"
0000000000000000007f,270.9555964170555,N24E091,0.419837206602097,0.419837206602097,0.419837206602097,128,field,0.39906844270159625,76.10846082556205,1.304304354899903,small,2025/01/01 00:00:00,"{""type"":""Polygon"",""coordinates"":[[[91.7582399125562,24.83704574868355],[91.7582399125562,24.837134918688495],[91.75832912494222,24.83713487057296],[91.75832912494222,24.837224040552268],[91.75815077463417,24.837224045337145],[91.75815077463417,24.83704570534383],[91.7582399125562,24.83704574868355]]]}"
00000000000000000080,90.30558083660853,N24E091,0.56619119644165,0.56619119644165,0.56619119644165,129,field,0.19134958115007195,38.05167963920681,1.129565981638961,small,2025/01/01 00:00:00,"{""type"":""Polygon"",""coordinates"":[[[91.67945655739186,24.86165994582732],[91.67945655739187,24.86174911217296],[91.67936735834526,24.861749114051538],[91.67936735834526,24.86165994770301],[91.67945655739186,24.86165994582732]]]}"
00000000000000000089,180.69299771715208,N24E091,0.463167041540146,0.463167041540146,0.463167041540146,138,field,0.3518688269948538,57.957537996372174,1.216282155554166,small,2025/01/01 00:00:00,"{""type"":""Polygon"",""coordinates"":[[[91.67586249269003,24.804614708848746],[91.67586249269003,24.804797507073904],[91.67577330103704,24.804797504892427],[91.67577330103704,24.80461470666137],[91.67586249269003,24.804614708848746]]]}"
0000000000000000008b,270.7420019360581,N24E091,0.361707121133804,0.28115513920784,0.361707121133804,140,field,-0.07507482243851683,76.07988909264188,1.304328911516761,small,2025/01/01 00:00:00,"{""type"":""Polygon"",""coordinates"":[[[91.75006642554213,24.937295194983335],[91.75006642554213,24.93720605050334],[91.75015562120939,24.937206004079506],[91.75015562120939,24.937388908610696],[91.74997277400131,24.937388872461405],[91.74997277400131,24.937295202902718],[91.75006642554213,24.937295194983335]]]}"
0000000000000000008c,90.40688799543818,N24E091,0.458542704582214,0.458542704582214,0.458542704582214,141,field,0.20631669200303265,38.07188956664608,1.129532522377972,small,2025/01/01 00:00:00,"{""type"":""Polygon"",""coordinates"":[[[91.90762873648636,24.701850195354652],[91.90762873648636,24.701939393665164],[91.90753959265346,24.70193943419599],[91.90753959265346,24.701850235882205],[91.90762873648636,24.701850195354652]]]}"
0000000000000000008e,180.46394674048238,N24E091,0.430841833353043,0.430841833353043,0.430841833353043,143,field,0.3679069976011912,56.17617685649509,1.179646875697606,small,2025/01/01 00:00:00,"{""type"":""Polygon"",""coordinates"":[[[91.75239849547668,24.95849820998919],[91.75239849547668,24.95858743930163],[91.75222016941913,24.958587444947174],[91.75222016941915,24.95849821562871],[91.75239849547668,24.95849820998919]]]}"
0000000000000000008f,90.34504074511474,N24E091,0.431200057268143,0.431200057268143,0.431200057268143,144,field,0.26077174097299577,38.05958132772902,1.129553785806305,small,2025/01/01 00:00:00,"{""type"":""Polygon"",""coordinates"":[[[91.71054094459384,24.803807579250915],[91.71054094459384,24.803896759240676],[91.71044730384787,24.803896737674428],[91.71044730384787,24.80380755768157],[91.71054094459384,24.803807579250915]]]}"
00000000000000000090,90.2555788049109,N24E091,0.386339783668518,0.386339783668518,0.386339783668518,145,field,0.40395875871181486,38.04157820393674,1.129578886198005,small,2025/01/01 00:00:00,"{""type"":""Polygon"",""coordinates"":[[[91.79327510203683,24.922384007918584],[91.79327510203683,24.922473154791867],[91.7931814321244,24.922473189440254],[91.7931814321244,24.922383952059295],[91.79327510203683,24.922384007918584]]]}"
00000000000000000091,90.38325714610976,N24E091,0.488267302513123,0.488267302513123,0.488267302513123,146,field,0.18582475080824737,38.067195237692516,1.12954088029077,small,2025/01/01 00:00:00,"{""type"":""Polygon"",""coordinates"":[[[91.81213709595531,24.74209363358513],[91.81213709595531,24.742182825473876],[91.81204792243234,24.74218281126234],[91.81204792243234,24.742093619370472],[91.81213709595531,24.74209363358513]]]}"
00000000000000000092,180.66110236165628,N24E091,0.42483589053154,0.42483589053154,0.42483589053154,147,field,0.4036165984360488,56.21689135918007,1.17985752477135,small,2025/01/01 00:00:00,"{""type"":""Polygon"",""coordinates"":[[[91.90906460310417,24.80901576319214],[91.90906460310417,24.809109461431042],[91.90888623527921,24.80910946249006],[91.90888623527921,24.809015764244265],[91.90906460310417,24.80901576319214]]]}"
00000000000000000093,90.20518645181986,N24E091,0.453737258911133,0.453737258911133,0.453737258911133,148,field,0.288131445646286,38.031478234041984,1.129594372020807,small,2025/01/01 00:00:00,"{""type"":""Polygon"",""coordinates"":[[[91.76767091637602,24.994608076795686],[91.76767091637602,24.994697205542344],[91.76758175918795,24.99469726389978],[91.76758175918795,24.994608044664037],[91.76767091637602,24.994608076795686]]]}"
00000000000000000094,180.5364010051565,N24E091,0.4508455991745,0.4508455991745,0.4508455991745,149,field,0.20523803615779207,56.19178788292537,1.17973789052338,small,2025/01/01 00:00:00,"{""type"":""Polygon"",""coordinates"":[[[91.9428422494972,24.893997329987613],[91.9428422494972,24.894086569344484],[91.94266389444148,24.894086526211787],[91.94266389444148,24.893997377354683],[91.9428422494972,24.893997329987613]]]}"
00000000000000000096,5964.546098146218,N24E091,0.482732743024826,0.473841220140457,0.490797698497772,151,field,0.2949305667619942,596.9312737230996,2.180372524863203,very_large,2025/01/01 00:00:00,"{""type"":""Polygon"",""coordinates"":[[[91.70326368640106,24.766707858384912],[91.70326368640106,24.766618668869544],[91.7035312088962,24.76661863064328],[91.7035312088962,24.76670782014986],[91.70362038342734,24.76670789784267],[91.70362038342734,24.76661870833903],[91.70452118999442,24.766618655435323],[91.70452118999442,24.766707844909355],[91.7046103665576,24.76670783144446],[91.7046103665576,24.76661864197335],[91.70469954330383,24.76661871900413],[91.70469954330383,24.766435812614368],[91.70496707464072,24.766435862299666],[91.70496707464072,24.76670786758305],[91.70487789734538,24.766707881267745],[91.70487789734538,24.766886260125933],[91.70478872023308,24.766886183213916],[91.70478872023308,24.76697537261274],[91.70469954330383,24.766975386196325],[91.70469954330383,24.766886196794562],[91.7037096323302,24.766886263028404],[91.7037096323302,24.76679707357198],[91.70362038342734,24.766796996776474],[91.70362038342734,24.76688618623585],[91.70299171430526,24.766886234902074],[91.70299171430526,24.76679704542206],[91.70290246687728,24.766797058731527],[91.70290246687728,24.76670786922644],[91.70326368640106,24.766707858384912]]]}"
00000000000000000099,5331.813819081174,N24E091,0.469138950109482,0.452329844236374,0.469138950109482,154,field,0.21816111981797537,359.01757149340045,1.386989856377051,very_large,2025/01/01 00:00:00,"{""type"":""Polygon"",""coordinates"":[[[91.68844161331867,24.77110897683447],[91.68844161331867,24.7710197879277],[91.68853083102643,24.771019783395197],[91.68853083102643,24.770841405520944],[91.68879833692382,24.770841483821812],[91.68879833692382,24.770747767501106],[91.6890703684546,24.770747794564517],[91.6890703684546,24.770658605588437],[91.68924873247494,24.77065859654899],[91.68924873247494,24.77074778551926],[91.68933795184209,24.770747780498144],[91.68933795184209,24.77119816180788],[91.68915958745504,24.771198170992406],[91.68915958745504,24.771287359831437],[91.68861997475469,24.771287346275855],[91.68861997475469,24.77137653511029],[91.68835246995683,24.77137654707922],[91.68835246995683,24.771108980483252],[91.68844161331867,24.77110897683447]]]}"
0000000000000000009b,6234.933816355228,N24E091,0.471922814846039,0.471922814846039,0.471922814846039,156,field,-0.10561470521882976,648.7958598726907,2.317860070207217,very_large,2025/01/01 00:00:00,"{""type"":""Polygon"",""coordinates"":[[[91.93116386160483,24.764014547210213],[91.93116386160483,24.76392092853869],[91.93134224485611,24.763920904179194],[91.93134224485611,24.764103705011223],[91.93152510335092,24.764103713560832],[91.93152510335092,24.764549624032345],[91.93125305314048,24.764549673017633],[91.93125305314048,24.764282126770706],[91.93134224485611,24.764282069279798],[91.93134224485611,24.76419288715657],[91.93080269738536,24.764192925511143],[91.93080269738536,24.76437128977566],[91.93089636265212,24.764371265722875],[91.93089636265212,24.764460447818482],[91.93098555364797,24.764460481081976],[91.93098555364797,24.764821645694482],[91.9304459359579,24.7648216838108],[91.9304459359579,24.764460428576758],[91.93053512604479,24.764460462119143],[91.93053512604479,24.764192915725637],[91.93071350675852,24.76419289212445],[91.93071350675852,24.76410370995568],[91.93080269738536,24.76410374334571],[91.93080269738536,24.76383176023964],[91.93089636265212,24.76383173620793],[91.93089636265212,24.76374255395642],[91.93107467024916,24.76374253089781],[91.93107467024916,24.764014604580755],[91.93116386160483,24.764014547210213]],[[91.93107467024916,24.764014604580755],[91.93107467024916,24.76410378675816],[91.93098555364797,24.764103752580183],[91.93098555364797,24.764014570399457],[91.93107467024916,24.764014604580755]]]}"
0000000000000000009c,12638.514625497164,N24E091,0.568188190460205,0.568188190460205,0.568188190460205,157,field,-0.022443062117230402,1092.8366966713754,2.742220165505623,very_large,2025/01/01 00:00:00,"{""type"":""Polygon"",""coordinates"":[[[91.98614014517328,24.881422677110518],[91.98614014517328,24.881511918069478],[91.98622929815156,24.88151191457843],[91.98622929815156,24.881601065002982],[91.98614014517328,24.881601068497435],[91.98614014517328,24.881690218902474],[91.98596176508686,24.881690226720167],[91.98596176508686,24.881779377109105],[91.98578338571735,24.88177938471172],[91.98578338571735,24.881873060483596],[91.98560060174088,24.881873035659197],[91.98560060174088,24.881962276522916],[91.98542222382295,24.881962283690253],[91.98542222382295,24.88205143402989],[91.98524384662197,24.882051440982156],[91.98524384662197,24.882140591305692],[91.9848826891182,24.88214057232438],[91.9848826891182,24.882229813146726],[91.98470431408577,24.882229819441502],[91.98470431408577,24.882318969739792],[91.98452593977031,24.8823189758195],[91.98452593977031,24.882229825514383],[91.98443231034122,24.882229796713876],[91.98443231034122,24.88196225514223],[91.98452593977031,24.88196228395351],[91.98452593977031,24.881873043048653],[91.98497183957055,24.88187302801248],[91.98497183957055,24.88177944271603],[91.98533307246586,24.88177946054084],[91.98533307246586,24.881690219619824],[91.98560060174088,24.88169020947721],[91.98560060174088,24.88160105905153],[91.98568975363537,24.881601055892517],[91.98568975363537,24.88142266447112],[91.98560060174088,24.8814226676233],[91.98560060174088,24.881333517128848],[91.98551137535912,24.881333521210195],[91.98551137535912,24.881511912691106],[91.98542222382295,24.881511915735814],[91.98542222382295,24.88160106619123],[91.98515469562321,24.881601075990837],[91.98515469562321,24.88169022643357],[91.9848826891182,24.881690204497268],[91.9848826891182,24.881244361494236],[91.98524384662197,24.881244290106252],[91.98524384662197,24.88115070465105],[91.98542222382295,24.881150697767684],[91.98542222382295,24.881244283215725],[91.98551137535912,24.881244370689416],[91.98551137535912,24.881061544169008],[91.98542222382295,24.881061547196488],[91.98542222382295,24.88097230609416],[91.98533307246586,24.880972309062802],[91.98533307246586,24.880793917290706],[91.98587261264596,24.88079392793008],[91.98587261264596,24.880972319660874],[91.98578338571735,24.880972323897655],[91.98578338571735,24.881061474477967],[91.98605099237409,24.881061462579098],[91.98605099237409,24.88133353006549],[91.98587261264596,24.881333537744986],[91.98587261264596,24.881422688229033],[91.98614014517328,24.881422677110518]],[[91.98587261264596,24.881422688229033],[91.98587261264596,24.881511838690162],[91.98578338571735,24.881511842947596],[91.98578338571735,24.881422692483056],[91.98587261264596,24.881422688229033]]]}"
0000000000000000009d,8575.000275765655,N24E091,0.452739298343658,0.452739298343658,0.452739298343658,158,field,0.3544928368894632,532.6034371101758,1.622489748487827,very_large,2025/01/01 00:00:00,"{""type"":""Polygon"",""coordinates"":[[[91.80576056839294,24.910616444653495],[91.80576056839294,24.91052720462464],[91.80611728672858,24.910527252297772],[91.80611728672858,24.91043810276533],[91.80584980347635,24.910438066412382],[91.80584980347635,24.910259676752283],[91.80593896437884,24.910259688931422],[91.80593896437884,24.91016601396194],[91.80611728672858,24.9101660381609],[91.80611728672858,24.910348862702577],[91.80621098433436,24.91034891057407],[91.80621098433436,24.91052720965559],[91.80630014597239,24.910527221601477],[91.80630014597239,24.91097758474225],[91.806389307792,24.910977596617162],[91.806389307792,24.911423524314827],[91.80621098433436,24.911423500540756],[91.80621098433436,24.911334351244076],[91.80558224749612,24.91133432179499],[91.80558224749612,24.91124517245331],[91.80548855123592,24.911245124205028],[91.80548855123592,24.910794761272303],[91.8053993912507,24.910794748832522],[91.8053993912507,24.910616449833352],[91.80576056839294,24.910616444653495]]]}"
000000000000000000a2,5512.682748591472,N24E091,0.476972430944443,0.476972430944443,0.476972430944443,163,field,0.3400937274512552,525.9901233895166,1.998440201063728,very_large,2025/01/01 00:00:00,"{""type"":""Polygon"",""coordinates"":[[[91.69445698839984,24.767514939898636],[91.69445698839984,24.767425750295107],[91.69463982494854,24.76742577529012],[91.69463982494854,24.767514964887667],[91.69481813768336,24.767514950025],[91.69481813768336,24.767247381183406],[91.69526852152913,24.767247381881635],[91.69526852152913,24.767336571502927],[91.69535767909606,24.767336563717638],[91.69535767909606,24.76724737409927],[91.69553606895394,24.76724744808239],[91.69553606895394,24.76751492630575],[91.69517936414528,24.76751495841526],[91.69517936414528,24.767604147973017],[91.69499652532433,24.767604123671475],[91.69499652532433,24.76769331321307],[91.69445698839984,24.767693319039243],[91.69445698839984,24.767786945415658],[91.69436775850983,24.767786953495527],[91.69436775850983,24.767965332506858],[91.69418944762484,24.76796534684413],[91.69418944762484,24.767786967821145],[91.69392190849862,24.76778698973215],[91.69392190849862,24.767514984161842],[91.69445698839984,24.767514939898636]]]}"
000000000000000000a9,6150.420843679373,N24E091,0.562874853610992,0.562874853610992,0.562874853610992,170,field,-0.07866940711955776,768.4616972748786,2.764170812992986,very_large,2025/01/01 00:00:00,"{""type"":""Polygon"",""coordinates"":[[[91.65700050563449,24.664028137511746],[91.65700050563449,24.663849795870895],[91.65726803932834,24.663849759105688],[91.65726803932834,24.663938975215636],[91.657357267,24.6639389924977],[91.657357267,24.664389329718134],[91.65744642074596,24.66438934774422],[91.65744642074596,24.664567689097368],[91.65754009537012,24.66456765745259],[91.65754009537012,24.664661311533557],[91.65771840379867,24.664661347289265],[91.65771840379867,24.66447847726985],[91.6576292494926,24.664478549988065],[91.6576292494926,24.664389334019337],[91.65771840379867,24.664389351878555],[91.65771840379867,24.66430013589125],[91.6576292494926,24.664300118029175],[91.6576292494926,24.664121776559192],[91.65771840379867,24.664121794426972],[91.65771840379867,24.664210919882496],[91.65780763239854,24.664210936879314],[91.65780763239854,24.66447849425809],[91.657985941929,24.66447852969721],[91.657985941929,24.664567655058534],[91.65789678707198,24.664567727943734],[91.65789678707198,24.66466129143817],[91.65780763239854,24.664661364271637],[91.65780763239854,24.664750489594773],[91.65789678707198,24.664750507332975],[91.65789678707198,24.66510728012333],[91.65771840379867,24.66510724542848],[91.65771840379867,24.665018029613712],[91.65754009537012,24.665018084455305],[91.65754009537012,24.6649288686134],[91.65744642074596,24.664928900270283],[91.65744642074596,24.664839684403937],[91.657357267,24.664839666392275],[91.657357267,24.664750541076145],[91.65726803932834,24.66475052382009],[91.65726803932834,24.664661307905163],[91.65717888594973,24.664661289778337],[91.65717888594973,24.664567726259804],[91.65708973275473,24.664567708075285],[91.65708973275473,24.66447849211072],[91.65700050563449,24.66447847468165],[91.65700050563449,24.66421091722541],[91.65691135280683,24.66421098949469],[91.65691135280683,24.664028119200502],[91.65700050563449,24.664028137511746]],[[91.65708973275473,24.66393893886102],[91.65717888594973,24.663938957065675],[91.65717888594973,24.664300168885],[91.65708973275473,24.66430015069191],[91.65708973275473,24.66393893886102]]]}"
000000000000000000ab,22341.63625488366,N24E091,0.5089311003685,0.484563618898392,0.505004644393921,172,field,0.3618537882208371,1139.0064467912189,2.149630234469118,very_large,2025/01/01 00:00:00,"{""type"":""Polygon"",""coordinates"":[[[91.80683965583736,24.644987742589226],[91.80683965583736,24.64489417937755],[91.80710721950173,24.64489415021444],[91.80710721950173,24.6448049345548],[91.80746841073258,24.64480496261125],[91.80746841073258,24.64489417825827],[91.80755757493127,24.64489410811888],[91.80755757493127,24.645255318041254],[91.8076468136772,24.645255337519107],[91.8076468136772,24.645433677990223],[91.80782514298267,24.645433718547867],[91.80782514298267,24.645616497050465],[91.80791430790775,24.64561651724062],[91.80791430790775,24.6457057326783],[91.80800354738072,24.64570566134672],[91.80800354738072,24.645616536486198],[91.8080971746566,24.64561650318025],[91.8080971746566,24.64552728772765],[91.80800354738072,24.645527321030333],[91.80800354738072,24.645433667422278],[91.80791430790775,24.645433648170304],[91.80791430790775,24.64534452324178],[91.80800354738072,24.64534454249686],[91.80800354738072,24.64525532697605],[91.80872587324168,24.645255287909965],[91.80872587324168,24.645166162967207],[91.80899344843193,24.64516613029353],[91.80899344843193,24.64543368617817],[91.80890428130947,24.645433666645534],[91.80890428130947,24.645527320220577],[91.80863224462155,24.64552731559618],[91.80863224462155,24.645616531030086],[91.80890428130947,24.64561653564498],[91.80890428130947,24.64588409121641],[91.80881504000087,24.64588407253481],[91.80881504000087,24.64615606604492],[91.80872587324168,24.646156046427777],[91.80872587324168,24.64651281684804],[91.80863224462155,24.64651276001908],[91.80863224462155,24.64660197521762],[91.80854307823456,24.646601955503613],[91.80854307823456,24.646512830875757],[91.8081863401356,24.64651275234848],[91.8081863401356,24.646423627686907],[91.8080971746566,24.646423607692313],[91.8080971746566,24.646334392432475],[91.80773597823915,24.646334456733094],[91.80773597823915,24.646245241439352],[91.80746841073258,24.646245271904498],[91.80746841073258,24.64615605658011],[91.80737478480114,24.646156089499605],[91.80737478480114,24.64579488042228],[91.80746841073258,24.645794847515983],[91.80746841073258,24.645705722658064],[91.80737478480114,24.64570566498706],[91.80737478480114,24.645616540104605],[91.80701805622014,24.64561654915053],[91.80701805622014,24.645433680016104],[91.80692889312014,24.64543365926819],[91.80692889312014,24.645255318746987],[91.80683965583736,24.645255298827113],[91.80683965583736,24.645076958214556],[91.80674603125037,24.645076990688473],[91.80674603125037,24.644987775059896],[91.80683965583736,24.644987742589226]],[[91.80800354738072,24.645973216948654],[91.8080971746566,24.645973274203634],[91.8080971746566,24.64615605242279],[91.80800354738072,24.64615608574845],[91.80800354738072,24.645973216948654]]]}"
000000000000000000ac,8228.03528200907,N24E091,0.531612932682037,0.531612932682037,0.531612932682037,173,field,0.03386795970534544,802.2766627038792,2.495003473674774,very_large,2025/01/01 00:00:00,"{""type"":""Polygon"",""coordinates"":[[[91.92236163214739,24.685052808590484],[91.92236163214739,24.684959169276247],[91.9227183283034,24.684959153840637],[91.9227183283034,24.68486995197053],[91.92370827961089,24.684870016428885],[91.92370827961089,24.684959127702008],[91.92433699260046,24.68495917309265],[91.92433699260046,24.684869971282648],[91.92442617035726,24.68487001157003],[91.92442617035726,24.68495912281651],[91.9245153482941,24.68495916304552],[91.9245153482941,24.685142004034976],[91.92442617035726,24.685141963812793],[91.92442617035726,24.685231165553706],[91.92379745609851,24.685231120622518],[91.92379745609851,24.685142009418417],[91.92370827961089,24.685141968752923],[91.92370827961089,24.685231170520503],[91.92334710176475,24.685231154889898],[91.92334710176475,24.685141953108896],[91.92316875078788,24.68514196172687],[91.92316875078788,24.68505275991769],[91.92307950100835,24.685052810370873],[91.92307950100835,24.68514201218336],[91.92299032597013,24.68514197107454],[91.92299032597013,24.685231172868775],[91.92316875078788,24.685231163514484],[91.92316875078788,24.685320365280514],[91.9232579261863,24.68532031571237],[91.9232579261863,24.685409517453536],[91.92281197643382,24.68540949402961],[91.92281197643382,24.685320382832053],[91.9227183283034,24.685320307993766],[91.9227183283034,24.68540950975497],[91.92245080591636,24.68540956674446],[91.92245080591636,24.685231163180656],[91.92236163214739,24.685231121686957],[91.92236163214739,24.68514201042961],[91.92227245855847,24.685141968877527],[91.92227245855847,24.68505276703508],[91.92236163214739,24.685052808590484]],[[91.92253997986533,24.68514200280836],[91.92281197643382,24.685141979251917],[91.92281197643382,24.685231181052774],[91.92253997986533,24.6852312046193],[91.92253997986533,24.68514200280836]]]}"
000000000000000000b0,82063.00656650204,N24E091,0.547262847423553,0.477256417274475,0.532399296760559,177,field,0.19561634718128723,5199.592261681134,5.120243849714695,very_large,2025/01/01 00:00:00,"{""type"":""Polygon"",""coordinates"":[[[91.86244468398316,24.74784138621267],[91.86226188843041,24.747841382213107],[91.86226188843041,24.747930570908423],[91.86190516007194,24.747930543270275],[91.86190516007194,24.74775225637892],[91.86163309242406,24.747752177762713],[91.86163309242406,24.74793055522053],[91.86181595982018,24.747930559089728],[91.86181595982018,24.74811337324247],[91.86172675974937,24.748113389013362],[91.86172675974937,24.74820257766079],[91.86145476766237,24.74820258838458],[91.86145476766237,24.747841396823773],[91.86136556832435,24.74784141236169],[91.86136556832435,24.747663034840663],[91.8612763691673,24.747663050317055],[91.8612763691673,24.74739548386088],[91.86118724464772,24.747395498352734],[91.86118724464772,24.747663064818497],[91.86100437986661,24.74766306013305],[91.86100437986661,24.74775224891753],[91.86064766171107,24.747752218145784],[91.86064766171107,24.74784140692108],[91.86028647915127,24.747841430442907],[91.86028647915127,24.747484675157907],[91.86019728218359,24.747484689961055],[91.86019728218359,24.747301875371267],[91.86046487362957,24.74730183081612],[91.86046487362957,24.747212641901154],[91.85992976682078,24.747212639029872],[91.85992976682078,24.747034261095532],[91.86001896324568,24.747034337021027],[91.86001896324568,24.746855959005124],[91.85992976682078,24.746855973620423],[91.85992976682078,24.74667315869307],[91.86046487362957,24.746673071133248],[91.86046487362957,24.746494783518443],[91.86028647915127,24.746494722671805],[91.86028647915127,24.746405533551354],[91.86019728218359,24.74640554831583],[91.86019728218359,24.746583926541117],[91.86001896324568,24.746583954998286],[91.86001896324568,24.746494765890237],[91.85974690727014,24.746494774128085],[91.85974690727014,24.746583963245882],[91.85965771139723,24.746583977683326],[91.85965771139723,24.746494788562323],[91.85956859015909,24.746494711475137],[91.85956859015909,24.746138045305777],[91.86019728218359,24.74613798081291],[91.86019728218359,24.74631635917018],[91.86046487362957,24.74631640526838],[91.86046487362957,24.746227216110363],[91.86037567629994,24.74622723097867],[91.86037567629994,24.746044415766267],[91.86064766171107,24.746044407312123],[91.86064766171107,24.745955218093584],[91.86082605765498,24.74595518798521],[91.86082605765498,24.746044377197343],[91.86091518144237,24.74604436297692],[91.86091518144237,24.7461379889858],[91.86082605765498,24.74613800320958],[91.86082605765498,24.74622719237664],[91.86064766171107,24.74622722250452],[91.86064766171107,24.746316411655982],[91.86073685959255,24.7463163966164],[91.86073685959255,24.746494774846944],[91.86064766171107,24.746494789892918],[91.86064766171107,24.746673077494602],[91.86073685959255,24.746673152989487],[91.86073685959255,24.746945156850668],[91.86082605765498,24.746945141733427],[91.86082605765498,24.747212708571386],[91.86100437986661,24.747212679072067],[91.86100437986661,24.74712349015448],[91.86091518144237,24.747123505388313],[91.86091518144237,24.746945127480732],[91.86100437986661,24.74694511225329],[91.86100437986661,24.746855923269695],[91.86091518144237,24.746855938493937],[91.86091518144237,24.74676674948514],[91.86082605765498,24.746766763731443],[91.86082605765498,24.746405570644775],[91.8612763691673,24.74640553152497],[91.8612763691673,24.74649472060989],[91.86136556832435,24.746494795722672],[91.86136556832435,24.74640560664098],[91.86190516007194,24.74640554915314],[91.86190516007194,24.746316360068803],[91.86181595982018,24.746316375830357],[91.86181595982018,24.746227186720834],[91.86163309242406,24.74622718272619],[91.86163309242406,24.74631637184228],[91.86100437986661,24.746316352086644],[91.86100437986661,24.745866059895747],[91.8612763691673,24.74586605027645],[91.8612763691673,24.745776861036507],[91.86091518144237,24.74577679528411],[91.86091518144237,24.74586598453704],[91.86019728218359,24.74586597628557],[91.86019728218359,24.74595516554227],[91.8593901993179,24.745955167995774],[91.8593901993179,24.745687690620365],[91.859479394648,24.74568767638035],[91.859479394648,24.745509297661517],[91.86037567629994,24.7455092800666],[91.86037567629994,24.745415653874655],[91.86055846401057,24.745415660441488],[91.86055846401057,24.745326471064715],[91.86082605765498,24.74532642605246],[91.86082605765498,24.745415615419635],[91.86100437986661,24.74541567659671],[91.86100437986661,24.74523729785321],[91.86109804585249,24.745237317996448],[91.86109804585249,24.745326507375825],[91.86145476766237,24.74532644683542],[91.86145476766237,24.745237257468833],[91.86163309242406,24.745237317882026],[91.86163309242406,24.7453265072422],[91.86181595982018,24.745326511303166],[91.86181595982018,24.745237321949567],[91.86172675974937,24.7452372470697],[91.86172675974937,24.745148148238496],[91.86163309242406,24.745148128499874],[91.86163309242406,24.744880560221485],[91.86154396718135,24.74488057484346],[91.86154396718135,24.74496976429477],[91.86145476766237,24.744969779784807],[91.86145476766237,24.745058878669703],[91.86082605765498,24.745058948366665],[91.86082605765498,24.74496975891156],[91.86091518144237,24.744969744729648],[91.86091518144237,24.744880555255754],[91.86082605765498,24.744880569434468],[91.86082605765498,24.744697753574645],[91.86073685959255,24.744697768611303],[91.86073685959255,24.74488058447769],[91.86064766171107,24.744880599465787],[91.86064766171107,24.744969698401583],[91.86073685959255,24.74496977395798],[91.86073685959255,24.745148062304956],[91.86064766171107,24.74514807730264],[91.86064766171107,24.74523726672018],[91.86055846401057,24.74523728166596],[91.86055846401057,24.74514809224521],[91.86028647915127,24.745148100433205],[91.86028647915127,24.745237289863713],[91.86019728218359,24.745237304586293],[91.86019728218359,24.745326493998014],[91.86010808539689,24.745326508668683],[91.86010808539689,24.745415607514005],[91.8593901993179,24.745415685666096],[91.8593901993179,24.74523730680675],[91.859479394648,24.745237292582868],[91.859479394648,24.745148103123412],[91.85974690727014,24.74514806104969],[91.85974690727014,24.745237250499567],[91.86001896324568,24.74523724239932],[91.86001896324568,24.74505895404479],[91.85930100416877,24.74505894202182],[91.85930100416877,24.744969752512],[91.85920734201167,24.7449697311926],[91.85920734201167,24.744430156805898],[91.86055846401057,24.744430229792133],[91.86055846401057,24.744519328842028],[91.86064766171107,24.7445194044698],[91.86064766171107,24.74460859404232],[91.86082605765498,24.744608564030504],[91.86082605765498,24.74451937446438],[91.86109804585249,24.7445193653285],[91.86109804585249,24.74460855488486],[91.8620834866604,24.744608512673736],[91.8620834866604,24.745598469606442],[91.86190516007194,24.745598500323165],[91.86190516007194,24.74550931103983],[91.86172675974937,24.745509251902387],[91.86172675974937,24.74559844119214],[91.86145476766237,24.74559845163082],[91.86145476766237,24.745687640908358],[91.86181595982018,24.74568761477604],[91.86181595982018,24.745776804018618],[91.86190516007194,24.74577687882386],[91.86190516007194,24.745865977493807],[91.86253388551049,24.74586599343984],[91.86253388551049,24.745955182612644],[91.86262301275981,24.745955167340906],[91.86262301275981,24.74613798243301],[91.86253388551049,24.746137997711305],[91.86253388551049,24.74649475400225],[91.86190516007194,24.746494738215468],[91.86190516007194,24.746583927255795],[91.86271221464891,24.74658391145579],[91.86271221464891,24.746855915167746],[91.86262301275981,24.746855931447424],[91.86262301275981,24.747034309276337],[91.86271221464891,24.747034292990268],[91.86271221464891,24.746945104090006],[91.86289061896996,24.746945161905995],[91.86289061896996,24.747034260252736],[91.8629842145147,24.747034280024756],[91.8629842145147,24.747484660948885],[91.86289061896996,24.747484641193868],[91.86289061896996,24.747573829954618],[91.86271221464891,24.747573862730885],[91.86271221464891,24.74748467396373],[91.86244468398316,24.747484631237594],[91.86244468398316,24.74784138621267]],[[91.86244468398316,24.747484631237594],[91.86235548263683,24.747484647374495],[91.86235548263683,24.747395458572512],[91.86244468398316,24.747395532985834],[91.86244468398316,24.747484631237594]],[[91.86226188843041,24.746945147787226],[91.86235548263683,24.74694507742319],[91.86235548263683,24.747123455227353],[91.86226188843041,24.74712352559808],[91.86226188843041,24.746945147787226]],[[91.86091518144237,24.747301883207893],[91.86100437986661,24.747301867967657],[91.86100437986661,24.747395493647584],[91.86091518144237,24.747395508891177],[91.86091518144237,24.747301883207893]],[[91.86064766171107,24.747395462824592],[91.86073685959255,24.747395447746324],[91.86073685959255,24.747573825444537],[91.86064766171107,24.747573840529203],[91.86064766171107,24.747395462824592]],[[91.86019728218359,24.746855930528472],[91.86055846401057,24.746855907372996],[91.86055846401057,24.746945096372595],[91.86019728218359,24.746945119541035],[91.86019728218359,24.746855930528472]],[[91.86145476766237,24.74721263832976],[91.86154396718135,24.747212622759275],[91.86154396718135,24.747301811635506],[91.86163309242406,24.747301887473807],[91.86163309242406,24.74739551313003],[91.86226188843041,24.747395528953437],[91.86226188843041,24.747484627211758],[91.86145476766237,24.74748464170649],[91.86145476766237,24.74721263832976]],[[91.86118724464772,24.746766739015538],[91.8612763691673,24.746766724546216],[91.8612763691673,24.746583909672804],[91.86136556832435,24.746583894235116],[91.86136556832435,24.74667308327284],[91.86172675974937,24.74667314776772],[91.86172675974937,24.746766773583214],[91.86145476766237,24.746766784149806],[91.86145476766237,24.74685597313922],[91.86118724464772,24.746855928014565],[91.86118724464772,24.746766739015538]],[[91.86046487362957,24.747212641901154],[91.86046487362957,24.747123452964196],[91.86055846401057,24.747123474305813],[91.86055846401057,24.747034285350207],[91.86064766171107,24.747034270340006],[91.86064766171107,24.747123459292418],[91.86073685959255,24.747123444223902],[91.86073685959255,24.74730182205631],[91.86055846401057,24.74730185215102],[91.86055846401057,24.747212663239406],[91.86046487362957,24.747212641901154]]]}"
000000000000000000b5,10672.704250710894,N24E091,0.444604724645615,0.444604724645615,0.444604724645615,182,field,-0.1625604405829079,900.2122166347251,2.45811803333323,very_large,2025/01/01 00:00:00,"{""type"":""Polygon"",""coordinates"":[[[91.77530493274587,24.65513669422216],[91.77530493274587,24.65504747991202],[91.77557691083739,24.65504754430306],[91.77557691083739,24.655136668030988],[91.77584450623539,24.655136692866016],[91.77584450623539,24.6552259071363],[91.77593368029508,24.655225855211114],[91.77593368029508,24.65531506945697],[91.77611648768656,24.65531509416324],[91.77611648768656,24.655408655875803],[91.77665607120078,24.655408651443054],[91.77665607120078,24.655497865620333],[91.77701277515868,24.655497836702338],[91.77701277515868,24.655587050846023],[91.77737394088352,24.655587059153454],[91.77737394088352,24.65567627326337],[91.77764147297509,24.655676205027834],[91.77764147297509,24.6557654191072],[91.777730650703,24.655765456631038],[91.777730650703,24.655854580113324],[91.77764147297509,24.6558546331652],[91.77764147297509,24.655943756629195],[91.77746311806534,24.65594377200186],[91.77746311806534,24.6560374240806],[91.77764147297509,24.65603740870152],[91.77764147297509,24.656126622694337],[91.77782428751325,24.65612664519014],[91.77782428751325,24.65621576858276],[91.77728476388374,24.65621577665645],[91.77728476388374,24.656126653245337],[91.77719558706599,24.656126615459666],[91.77719558706599,24.655943749363153],[91.77701277515868,24.655943816634366],[91.77701277515868,24.655854602576156],[91.77665607120078,24.655854631543075],[91.77665607120078,24.656037407148673],[91.77638401207746,24.6560374363321],[91.77638401207746,24.655676232483753],[91.77620566230149,24.655676246291225],[91.77620566230149,24.655587032141224],[91.77584450623539,24.65558702092363],[91.77584450623539,24.65549789731265],[91.77575533235773,24.655497858619494],[91.77575533235773,24.655408734984118],[91.77566608435079,24.655408697106466],[91.77566608435079,24.655315044804876],[91.77557691083739,24.65531509656853],[91.77557691083739,24.655408658300495],[91.77530493274587,24.65540868452008],[91.77530493274587,24.655315032205486],[91.77521575996974,24.65531508374704],[91.77521575996974,24.65513665518473],[91.77530493274587,24.65513669422216]]]}"
000000000000000000b7,19428.068634604522,N24E091,0.524048745632172,0.506281495094299,0.523934185504913,184,field,0.05399539392474062,1408.3344400703536,2.850270338435906,very_large,2025/01/01 00:00:00,"{""type"":""Polygon"",""coordinates"":[[[91.9039455170145,24.76356421811646],[91.9039455170145,24.763653401408845],[91.90403472811388,24.763653359895343],[91.90403472811388,24.763564176606234],[91.90439589703179,24.76356422696832],[91.90439589703179,24.76365341024416],[91.90475259709518,24.763653335170805],[91.90475259709518,24.763564151908053],[91.90466345907393,24.763564192919862],[91.90466345907393,24.763475009631733],[91.90457424670292,24.763475051527827],[91.90457424670292,24.7624850702377],[91.90529219899584,24.76248513277015],[91.90529219899584,24.763292220098823],[91.90511384642184,24.763292213116298],[91.90511384642184,24.76302466303293],[91.90502463313994,24.76302461464975],[91.90502463313994,24.762935431241118],[91.90493542003846,24.762935473340978],[91.90493542003846,24.763475010009877],[91.90502463313994,24.76347496789025],[91.90502463313994,24.763564151165124],[91.90493542003846,24.76356419328802],[91.90493542003846,24.763742559777963],[91.90502463313994,24.763742517648534],[91.90502463313994,24.763920884043486],[91.90475259709518,24.76392088482639],[91.90475259709518,24.763831701629975],[91.9039455170145,24.763831767927275],[91.9039455170145,24.763920951153313],[91.90448510904208,24.763920918136957],[91.90448510904208,24.764014537844375],[91.90484180982689,24.764014553038546],[91.90484180982689,24.764460468556354],[91.90475259709518,24.76446051059893],[91.90475259709518,24.764549693639406],[91.90412386486456,24.764549677969825],[91.90412386486456,24.764643297527485],[91.90403472811388,24.764643338189984],[91.90403472811388,24.764549628087725],[91.90385638062423,24.76454961964165],[91.90385638062423,24.764643329750786],[91.90367795932735,24.76464332203314],[91.90367795932735,24.764549611917115],[91.9035843517844,24.76454961829012],[91.9035843517844,24.76401451945796],[91.90367795932735,24.76401460364689],[91.90367795932735,24.763920893367022],[91.9035843517844,24.763920899715806],[91.9035843517844,24.76356416662587],[91.9039455170145,24.76356421811646]],[[91.90493542003846,24.76266348643355],[91.90502463313994,24.762663444343648],[91.90502463313994,24.762846247810373],[91.90493542003846,24.762846289906975],[91.90493542003846,24.76266348643355]],[[91.90421307632467,24.764282087065848],[91.90430668520193,24.76428208029483],[91.90430668520193,24.764460446474935],[91.90421307632467,24.764460453252816],[91.90421307632467,24.764282087065848]],[[91.90376716988558,24.764282111781196],[91.90385638062423,24.764282070355062],[91.90385638062423,24.764371253472703],[91.90376716988558,24.76437129490211],[91.90376716988558,24.764282111781196]]]}"
000000000000000000b8,13843.75014559862,N24E091,0.505329668521881,0.254300594329834,0.456413865089417,185,field,0.020933382374030335,972.0741405688995,2.33059913964266,very_large,2025/01/01 00:00:00,"{""type"":""Polygon"",""coordinates"":[[[91.69625401209625,24.611749601760682],[91.69706550463789,24.611749649715826],[91.69706550463789,24.611838786363222],[91.69769431052133,24.611838796730627],[91.69769431052133,24.61192802392237],[91.69778347306945,24.611928019730158],[91.69778347306945,24.61246754936899],[91.69769431052133,24.612467553578874],[91.69769431052133,24.612556690036257],[91.69760507397804,24.612556695026807],[91.69760507397804,24.612467558566507],[91.69751146110976,24.61246752202372],[91.69751146110976,24.612289158447958],[91.69742229912016,24.61228916248521],[91.69742229912016,24.61237838957948],[91.69733306313584,24.61237839439726],[91.69733306313584,24.612467530887518],[91.69715474007236,24.612467538700265],[91.69715474007236,24.612106372706442],[91.69706550463789,24.61210637735112],[91.69706550463789,24.612556770420603],[91.69697634356402,24.612556774193184],[91.69697634356402,24.612645910653026],[91.69679357135257,24.61264587737507],[91.69679357135257,24.61246751383649],[91.69670433666035,24.612467518271373],[91.69670433666035,24.612378381760532],[91.69661517632807,24.61237838530582],[91.69661517632807,24.61255674889818],[91.69652601617886,24.612556752394646],[91.69652601617886,24.61264588886924],[91.69589722721382,24.61264587363656],[91.69589722721382,24.612556737141386],[91.69571445954479,24.612556702501127],[91.69571445954479,24.612378338849755],[91.69589722721382,24.612378373501986],[91.69589722721382,24.612195571066042],[91.69598646024733,24.612195567135327],[91.69598646024733,24.612106339950806],[91.69616477851288,24.61210633359433],[91.69616477851288,24.612378363190995],[91.69625401209625,24.61237835909013],[91.69625401209625,24.611749601760682]],[[91.69742229912016,24.61201722353591],[91.69751146110976,24.612017219507567],[91.69751146110976,24.612195583211754],[91.69742229912016,24.61219558724594],[91.69742229912016,24.61201722353591]],[[91.69625401209625,24.61237835909013],[91.69634762225363,24.612378396445482],[91.69634762225363,24.612467532968004],[91.69625401209625,24.612467586201618],[91.69625401209625,24.61237835909013]]]}"
000000000000000000bb,6322.992562635114,N24E091,0.465869843959808,0.451915740966797,0.465869843959808,188,field,0.3203733131540171,420.3578083984521,1.49125822356563,very_large,2025/01/01 00:00:00,"{""type"":""Polygon"",""coordinates"":[[[91.70047675788018,24.8275210965103],[91.70047675788018,24.82770388125659],[91.70056592614105,24.827703868286083],[91.70056592614105,24.828243440319685],[91.70047675788018,24.828243453307856],[91.70047675788018,24.82797140407989],[91.70038758980236,24.827971417004115],[91.70038758980236,24.828149765446014],[91.7002984219076,24.82814977832105],[91.7002984219076,24.8283326532854],[91.70012001248473,24.828332589189294],[91.70012001248473,24.82824341501713],[91.69975881910273,24.82824342618024],[91.69975881910273,24.827703944518902],[91.69966965249887,24.827703866458968],[91.69966965249887,24.82752108165846],[91.70047675788018,24.8275210965103]]]}"
000000000000000000c5,9859.02504286474,N24E091,0.570789098739624,0.567807495594025,0.570789098739624,198,field,0.02451670798819623,624.045726625554,1.77294187070058,very_large,2025/01/01 00:00:00,"{""type"":""Polygon"",""coordinates"":[[[91.68610503497746,24.65836957945786],[91.68610503497746,24.658280362941724],[91.68664461640262,24.658280317552517],[91.68664461640262,24.6581911916077],[91.68718420453823,24.658191144231544],[91.68718420453823,24.658458703099452],[91.68727334550005,24.65845870383497],[91.68727334550005,24.658730700677033],[91.68736256080575,24.658730700520632],[91.68736256080575,24.6588199168878],[91.68718420453823,24.658819916323342],[91.68718420453823,24.658909132674925],[91.68664461640262,24.658909089617445],[91.68664461640262,24.65899830596521],[91.68637260007904,24.658998263241713],[91.68637260007904,24.65881992108206],[91.68628346096779,24.6588199198055],[91.68628346096779,24.658998261970943],[91.6861942478809,24.658998261473243],[91.6861942478809,24.659087477814275],[91.68610503497746,24.659087477264688],[91.68610503497746,24.658998260920743],[91.68601589641592,24.658998259485774],[91.68601589641592,24.65864157503452],[91.68592668387922,24.658641574360864],[91.68592668387922,24.658552357904153],[91.68583309619498,24.658552405999394],[91.68583309619498,24.65836953483381],[91.68610503497746,24.65836957945786]],[[91.6865554025731,24.658641530733302],[91.68664461640262,24.6586415310208],[91.68664461640262,24.658730747432738],[91.68673383041555,24.65873074766253],[91.68673383041555,24.658819873475167],[91.6865554025731,24.65881987296659],[91.6865554025731,24.658641530733302]]]}"
000000000000000000c6,5598.69446115622,N24E091,0.477075427770615,0.475658267736435,0.477075427770615,199,field,0.3977619482813515,441.9380889864537,1.666146241346735,very_large,2025/01/01 00:00:00,"{""type"":""Polygon"",""coordinates"":[[[91.9140944551575,24.8489024231416],[91.9140944551575,24.848813261641947],[91.91436647425388,24.84881332514008],[91.91436647425388,24.84980324269988],[91.91445563187796,24.849803192516067],[91.91445563187796,24.849892353750356],[91.91436647425388,24.849892403937456],[91.91436647425388,24.849981565152316],[91.91400529826291,24.84998155175222],[91.91400529826291,24.85007071295771],[91.91391606700273,24.850070763821964],[91.91391606700273,24.849803189608508],[91.9140944551575,24.84980317931332],[91.9140944551575,24.84953116947852],[91.91400529826291,24.849531219428336],[91.91400529826291,24.84944205808547],[91.91391606700273,24.84944201840748],[91.91391606700273,24.84926369564705],[91.91382691046847,24.849263654957205],[91.91382691046847,24.848902483186418],[91.9140944551575,24.8489024231416]]]}"
000000000000000000c7,56407.83099823337,N24E091,0.497283697128296,0.49346986413002,0.497283697128296,200,field,0.20177533836806297,2660.516785405686,3.160031203204184,very_large,2025/01/01 00:00:00,"{""type"":""Polygon"",""coordinates"":[[[91.73030365308452,24.930468366110382],[91.73030365308452,24.93037912868046],[91.73021004401915,24.9303791234979],[91.73021004401915,24.93020082957099],[91.73030365308452,24.93020083475979],[91.73030365308452,24.930111597259994],[91.73057119350565,24.93011158492041],[91.73057119350565,24.93028996937435],[91.7306604235012,24.93028993440496],[91.7306604235012,24.930379171846283],[91.73074957944485,24.930379137676027],[91.73074957944485,24.93046837509108],[91.73083873557106,24.930468340862646],[91.73083873557106,24.930651159828788],[91.73074957944485,24.9306511940633],[91.73074957944485,24.930740340902876],[91.73102157672415,24.930740366722635],[91.73102157672415,24.93091875081819],[91.73111080764288,24.93091871554871],[91.73111080764288,24.931186246256328],[91.73119996450887,24.931186302284566],[91.73119996450887,24.931636651187603],[91.73111080764288,24.931636595174457],[91.73111080764288,24.931725832248908],[91.73102157672415,24.9317257770411],[91.73102157672415,24.931815014095214],[91.73083873557106,24.931814954111623],[91.73083873557106,24.93190862584855],[91.73074957944485,24.931908660124837],[91.73074957944485,24.931636604739243],[91.7306604235012,24.93163663895127],[91.7306604235012,24.931908603841823],[91.73057119350565,24.931908638865018],[91.73057119350565,24.93199778538231],[91.73012088918053,24.931997826674348],[91.73012088918053,24.931815008380028],[91.73003166029088,24.931814952561528],[91.73003166029088,24.931997770861972],[91.7298532772936,24.93199783922247],[91.7298532772936,24.932086985740384],[91.73003166029088,24.93208700787802],[91.73003166029088,24.932265391336134],[91.73021004401915,24.9322653227368],[91.73021004401915,24.932087029794584],[91.73057119350565,24.932087022380365],[91.73057119350565,24.932176168851075],[91.7306604235012,24.932176133818984],[91.7306604235012,24.932537335157196],[91.73057119350565,24.932537370201302],[91.73057119350565,24.932894136481764],[91.73048203792739,24.932894080121255],[91.73048203792739,24.933166134532012],[91.73039288253169,24.933166078125378],[91.73039288253169,24.933255314823988],[91.7299425058176,24.93325526612295],[91.7299425058176,24.932176188151995],[91.7298532772936,24.932176222739066],[91.7298532772936,24.932265369210402],[91.72976412318567,24.932265402888167],[91.72976412318567,24.932354549339188],[91.7298532772936,24.93235451565846],[91.7298532772936,24.93316606402927],[91.72976412318567,24.93316609773694],[91.72976412318567,24.93325524395275],[91.72931375297688,24.93325528378809],[91.72931375297688,24.9331661375573],[91.72913537292159,24.933166114601946],[91.72913537292159,24.933076877838086],[91.72904176636854,24.933076962493985],[91.72904176636854,24.932894054199974],[91.72895253969094,24.93289408825253],[91.72895253969094,24.93190859003974],[91.72886338742786,24.93190862314779],[91.72886338742786,24.931458274210264],[91.72895253969094,24.931458241117166],[91.72895253969094,24.93127985716549],[91.72886338742786,24.93127989025267],[91.72886338742786,24.931369036990976],[91.7287742353474,24.931369070025895],[91.7287742353474,24.931007867197398],[91.72904176636854,24.93100785761079],[91.72904176636854,24.93091871078415],[91.72913537292159,24.930918716707566],[91.72913537292159,24.930829569860773],[91.72904176636854,24.930829563934243],[91.72904176636854,24.930740326556617],[91.72895253969094,24.930740360537648],[91.72895253969094,24.930829507413797],[91.7287742353474,24.930829573503054],[91.7287742353474,24.930468370104027],[91.72931375297688,24.930468299141186],[91.72931375297688,24.930651208715993],[91.7294921337632,24.930651141113536],[91.7294921337632,24.930468322055397],[91.72940290616239,24.93046835630654],[91.72940290616239,24.930111587336082],[91.72976412318567,24.930111581356524],[91.72976412318567,24.93020081887432],[91.7298532772936,24.930200785265114],[91.7298532772936,24.93046831666076],[91.73030365308452,24.930468366110382]],[[91.73030365308452,24.93055751301253],[91.73039288253169,24.93055756870454],[91.73039288253169,24.930829534481592],[91.73030365308452,24.93082956930307],[91.73030365308452,24.93055751301253]],[[91.7298532772936,24.93046831666076],[91.7298532772936,24.930557554082398],[91.72976412318567,24.93055749719898],[91.72976412318567,24.930468350278854],[91.7298532772936,24.93046831666076]],[[91.7294921337632,24.930740378499454],[91.72958128731406,24.930740345040782],[91.72958128731406,24.93082949189601],[91.7294921337632,24.93082952535764],[91.7294921337632,24.930740378499454]],[[91.72922459997397,24.932176148400348],[91.72931375297688,24.93217620556377],[91.72931375297688,24.93235449851911],[91.72922459997397,24.932354531865673],[91.72922459997397,24.932176148400348]],[[91.73021004401915,24.930918710947267],[91.73057119350565,24.9309187036907],[91.73057119350565,24.930829556891727],[91.73074957944485,24.93082948771919],[91.73074957944485,24.93100787178634],[91.73021004401915,24.931007857735004],[91.73021004401915,24.930918710947267]],[[91.73012088918053,24.931279857038085],[91.73021004401915,24.93127991367634],[91.73021004401915,24.931458297544197],[91.73030365308452,24.931458302689006],[91.73030365308452,24.93154744933277],[91.73012088918053,24.93154747806598],[91.73012088918053,24.931279857038085]],[[91.73057119350565,24.93145829021482],[91.7306604235012,24.931458255206593],[91.7306604235012,24.931097052726923],[91.73074957944485,24.931097109037122],[91.73074957944485,24.93136907434829],[91.73083873557106,24.931369040089923],[91.73083873557106,24.931458277243365],[91.73074957944485,24.931458221000497],[91.73074957944485,24.931547458133604],[91.73057119350565,24.931547436849677],[91.73057119350565,24.93145829021482]]]}"
00000000000000000009,2075.8387081277015,N24E092,0.462473571300507,0.433564275503159,0.462473571300507,10,field,0.21374622234157725,268.03838469170717,1.659568783070911,large,2025/01/01 00:00:00,"{""type"":""Polygon"",""coordinates"":[[[92.03698726536975,24.908101527311395],[92.03698726536975,24.907923153552087],[92.0370764455931,24.90792311839515],[92.0370764455931,24.907651168381694],[92.03734398733418,24.907651153108667],[92.03734398733418,24.90783396143935],[92.03716562599496,24.90783394152488],[92.03716562599496,24.907923173681798],[92.03725480657532,24.907923138413736],[92.03725480657533,24.908279885797885],[92.03716562599496,24.908279830580867],[92.03716562599496,24.908369062622125],[92.03698726536975,24.90836904252743],[92.03698726536975,24.90827990097821],[92.03689360016389,24.908279816029587],[92.03689360016389,24.908101532854463],[92.03698726536975,24.908101527311395]]]}"
0000000000000000000d,2796.1592683619115,N24E092,0.428430467844009,0.428430467844009,0.428430467844009,14,field,-0.018356806701158534,262.69059618451774,1.401388797945721,large,2025/01/01 00:00:00,"{""type"":""Polygon"",""coordinates"":[[[92.37430046590433,24.967929221681384],[92.37430046590433,24.96784011002074],[92.3745724244041,24.967840046822065],[92.37457242440409,24.967929248938976],[92.37466159641619,24.967929281413568],[92.37466159641619,24.968018393034214],[92.37475076860223,24.96801842544869],[92.37475076860223,24.968107627510378],[92.37466159641619,24.968107595099983],[92.37466159641619,24.968290432120646],[92.3743896373859,24.96829040508432],[92.3743896373859,24.968196770092817],[92.37394370640446,24.968196788498584],[92.37394370640446,24.96792927267147],[92.37430046590433,24.967929221681384]]]}"
0000000000000000000e,1533.2431429970152,N24E092,0.432294249534607,0.432294249534607,0.432294249534607,15,field,0.09847430066042341,193.66454092999908,1.395210265994693,large,2025/01/01 00:00:00,"{""type"":""Polygon"",""coordinates"":[[[92.31788833999525,24.981132677440403],[92.31788833999525,24.98122631152178],[92.3179775517043,24.981226286174188],[92.3179775517043,24.98176140216406],[92.31788833999525,24.981761427535513],[92.31788833999525,24.98167222651436],[92.31779912846106,24.98167216135822],[92.31779912846106,24.981583050777036],[92.31770999232201,24.981582984395395],[92.31770999232201,24.981132636325977],[92.31788833999525,24.981132677440403]]]}"
0000000000000000001b,1807.0421045169223,N24E092,0.433698803186417,0.433698803186417,0.433698803186417,28,field,0.39353894513018806,241.34040458312458,1.601551721186345,large,2025/01/01 00:00:00,"{""type"":""Polygon"",""coordinates"":[[[92.04479962154122,24.769762365109912],[92.04479962154122,24.769673188696867],[92.04561113845325,24.7696731186708],[92.04561113845325,24.76976238558624],[92.0455175298892,24.76976229949654],[92.0455175298892,24.769851566393516],[92.04488881739834,24.769851506904203],[92.04488881739834,24.769940683269454],[92.04471042586256,24.769940661879943],[92.04471042586256,24.76976230911323],[92.04479962154122,24.769762365109912]]]}"
0000000000000000001c,2436.353625880548,N24E092,0.460122317075729,0.460122317075729,0.460122317075729,29,field,0.26254203046200963,286.15713207103875,1.635420661933428,large,2025/01/01 00:00:00,"{""type"":""Polygon"",""coordinates"":[[[92.10750346778528,24.929482870985098],[92.10750346778528,24.929393737737634],[92.10777105726626,24.929393683747197],[92.10777105726626,24.929661264368413],[92.10768188555207,24.929661251917192],[92.10768188555207,24.92975038508766],[92.10786022915798,24.929750409927212],[92.10786022915798,24.930111647849237],[92.10750346778528,24.930111599059323],[92.10750346778528,24.929750451569095],[92.10759271401538,24.929750463074903],[92.10759271401538,24.929661239410287],[92.10750346778528,24.92966122790085],[92.10750346778528,24.929572094699896],[92.10741429660376,24.929572082077996],[92.10741429660376,24.92948285835957],[92.10750346778528,24.929482870985098]]]}"
0000000000000000001f,2347.8153230407675,N24E092,0.499105453491211,0.499105453491211,0.499105453491211,32,field,0.0294019411688388,228.30253795382043,1.329149526917253,large,2025/01/01 00:00:00,"{""type"":""Polygon"",""coordinates"":[[[92.19508915204716,24.833812844370843],[92.19508915204716,24.83363001034057],[92.1951783473195,24.833630064888897],[92.1951783473195,24.83345166585758],[92.19544585917757,24.8334516492637],[92.19544585917757,24.83363004827238],[92.19553955621876,24.83363003682619],[92.19553955621876,24.833812870817372],[92.19544585917757,24.83381288227168],[92.19544585917757,24.83399119058548],[92.19499995695125,24.83399118863805],[92.19499995695125,24.833812880286526],[92.19508915204716,24.833812844370843]]]}"
00000000000000000023,4697.607565669051,N24E092,0.443059712648392,0.443059712648392,0.443059712648392,36,field,0.11905398321332412,380.58106562630024,1.566404344946178,large,2025/01/01 00:00:00,"{""type"":""Polygon"",""coordinates"":[[[92.0907952456518,24.78593108368509],[92.0907952456518,24.785752652027696],[92.09151314531736,24.785752633209803],[92.09151314531736,24.78629227310164],[92.09115194873712,24.78629222372321],[92.09115194873712,24.78655973493601],[92.09097359683895,24.786559769254122],[92.09097359683895,24.78638142845349],[92.09106281012087,24.786381456073435],[92.09106281012087,24.78629219511496],[92.09097359683895,24.786292258019774],[92.09097359683895,24.78610939066477],[92.09088445857807,24.786109361938355],[92.09088445857807,24.786198622949716],[92.0907952456518,24.78619859521149],[92.0907952456518,24.78610942472495],[92.09070603290346,24.786109396927657],[92.09070603290346,24.78593105588059],[92.0907952456518,24.78593108368509]]]}"
00000000000000000032,450.9517658500596,N24E092,0.450362056493759,0.450362056493759,0.450362056493759,51,field,0.3089661979126035,94.18981700453503,1.251220857029423,medium,2025/01/01 00:00:00,"{""type"":""Polygon"",""coordinates"":[[[92.29102672578921,24.983201698961818],[92.29102672578921,24.983112497130154],[92.29120955459528,24.983112501314967],[92.29120955459528,24.983290814470163],[92.29093756694263,24.98329081882219],[92.29093756694263,24.9832017074786],[92.29102672578921,24.983201698961818]]]}"
00000000000000000034,1083.5903430613046,N24E092,0.428633064031601,0.428633064031601,0.428633064031601,53,field,0.5090641955929724,191.9917322891101,1.64529975168717,medium,2025/01/01 00:00:00,"{""type"":""Polygon"",""coordinates"":[[[92.07588399492795,24.841986386605555],[92.07588399492795,24.842253948099934],[92.07597317810705,24.842253982856505],[92.07597317810705,24.842436731939387],[92.07606236146411,24.842436766633117],[92.07606236146411,24.84252592352747],[92.07579039767218,24.842525970803486],[92.07579039767218,24.84216472679675],[92.07570121485787,24.84216478243755],[92.07570121485787,24.841986377899108],[92.07588399492795,24.841986386605555]]]}"
00000000000000000037,541.3110525785472,N24E092,0.432033628225327,0.432033628225327,0.432033628225327,56,field,0.3230284476766781,133.99624303497382,1.624666563333876,medium,2025/01/01 00:00:00,"{""type"":""Polygon"",""coordinates"":[[[92.37744409158917,24.940171371842027],[92.37744409158917,24.940082162562227],[92.37753326920264,24.94008219451019],[92.37753326920264,24.940438850521186],[92.37735491414965,24.940438877077874],[92.37735491414965,24.940349667864005],[92.37744409158917,24.940349699855673],[92.37744409158917,24.940260490622556],[92.37735491414965,24.94026054910271],[92.37735491414965,24.940171339842166],[92.37744409158917,24.940171371842027]]]}"
00000000000000000038,1355.110590307006,N24E092,0.433268874883652,0.423478037118912,0.433268874883652,57,field,0.008283072073272493,192.02463898299865,1.471514871689561,medium,2025/01/01 00:00:00,"{""type"":""Polygon"",""coordinates"":[[[92.08926578057005,24.78305495075704],[92.08926578057005,24.78314855799994],[92.0893549904462,24.78314858681219],[92.0893549904462,24.78359444300644],[92.08926578057005,24.783594504741313],[92.08926578057005,24.783416071794004],[92.08917657087181,24.78341613346628],[92.08917657087181,24.78332696222025],[92.08899822684904,24.783326903293947],[92.08899822684904,24.783054953466575],[92.08926578057005,24.78305495075704]]]}"
00000000000000000039,361.2067927280643,N24E092,0.435170620679855,0.435170620679855,0.435170620679855,58,field,0.4450414467014765,76.10140670466403,1.129561283308026,medium,2025/01/01 00:00:00,"{""type"":""Polygon"",""coordinates"":[[[92.06402279717875,24.83938231418739],[92.06402279717875,24.839560630464963],[92.06384440391574,24.83956063735389],[92.06384440391574,24.839382321062132],[92.06402279717875,24.83938231418739]]]}"
0000000000000000003d,451.28160757993277,N24E092,0.420073866844177,0.420073866844177,0.420073866844177,62,field,0.4713652502823544,95.97707319832006,1.274496811115528,medium,2025/01/01 00:00:00,"{""type"":""Polygon"",""coordinates"":[[[92.4717674608397,24.8838484784569],[92.4717674608397,24.88411595580892],[92.47167825084779,24.88411597798421],[92.47167825084779,24.88402684904763],[92.47158911650223,24.884026779432862],[92.47158911650223,24.88384843099616],[92.4717674608397,24.8838484784569]]]}"
00000000000000000042,902.703448270043,N24E092,0.301021844148636,0.301021844148636,0.301021844148636,67,field,0.4710693019434272,132.2829571449797,1.242013773778256,medium,2025/01/01 00:00:00,"{""type"":""Polygon"",""coordinates"":[[[92.43880135609163,24.865343128605257],[92.43880135609163,24.865432354378523],[92.43871213459838,24.86543235620795],[92.43871213459838,24.865610717201754],[92.43844017226552,24.865610701728404],[92.43844017226552,24.86534320541148],[92.43880135609163,24.865343128605257]]]}"
00000000000000000048,812.3033469449473,N24E092,0.45622307062149,0.45622307062149,0.45622307062149,73,field,0.4887320230939907,135.76981681930215,1.34381405384879,medium,2025/01/01 00:00:00,"{""type"":""Polygon"",""coordinates"":[[[92.08486463169068,24.902081670949347],[92.08486463169068,24.90253208291587],[92.08477543077078,24.902532056121085],[92.08477543077078,24.902442914957266],[92.08468630486156,24.902442887062907],[92.08468630486156,24.902081706726296],[92.08486463169068,24.902081670949347]]]}"
0000000000000000004c,721.7139586166248,N24E092,0.395741581916809,0.395741581916809,0.395741581916809,77,field,0.3777703196136383,155.64754429585045,1.634386583381136,medium,2025/01/01 00:00:00,"{""type"":""Polygon"",""coordinates"":[[[92.1780197211792,24.955082603241927],[92.1780197211792,24.95526094093069],[92.17810888267216,24.95526091051645],[92.17810888267216,24.955622109632433],[92.1780197211792,24.95562214006179],[92.1780197211792,24.955443802562915],[92.17793055986276,24.955443742448285],[92.17793055986276,24.955082543112088],[92.1780197211792,24.955082603241927]]]}"
0000000000000000004e,722.3238470515514,N24E092,0.398515224456787,0.398515224456787,0.398515224456787,79,field,0.3295584897547309,152.19363200127873,1.597443743664572,medium,2025/01/01 00:00:00,"{""type"":""Polygon"",""coordinates"":[[[92.16867793996781,24.849080822252336],[92.16867793996781,24.84917449912193],[92.16885630110372,24.849174457687834],[92.16885630110372,24.84935285094662],[92.16894544445005,24.849352830680104],[92.16894544445005,24.84944198201723],[92.16876708296083,24.849442023584835],[92.16876708296083,24.849352872240267],[92.16867793996781,24.84935280188662],[92.16867793996781,24.849263650515613],[92.16858872217853,24.849263671694267],[92.16858872217853,24.849080843423344],[92.16867793996781,24.849080822252336]]]}"
00000000000000000052,902.0571023485836,N24E092,0.449977248907089,0.449977248907089,0.449977248907089,83,field,0.2714681115548511,148.60623890271947,1.395773972259366,medium,2025/01/01 00:00:00,"{""type"":""Polygon"",""coordinates"":[[[92.13067744151977,24.969637088019994],[92.13067744151977,24.969726300245636],[92.13049908203577,24.969726306122915],[92.13049908203577,24.969815427853398],[92.13014236519459,24.96981543895338],[92.13014236519459,24.96963710496068],[92.13067744151977,24.969637088019994]]]}"
00000000000000000057,812.0791179685941,N24E092,0.331941425800323,0.331941425800323,0.331941425800323,88,field,0.46891217436208293,150.39269562545772,1.488752967343331,medium,2025/01/01 00:00:00,"{""type"":""Polygon"",""coordinates"":[[[92.32776971218962,24.92489888164492],[92.32776971218962,24.924809756607385],[92.32785886802411,24.92480972874689],[92.32785886802411,24.924720603690133],[92.3281264118121,24.92472051861634],[92.3281264118121,24.924898949647194],[92.32785886802411,24.9248989442627],[92.32785886802411,24.924988069273034],[92.32768055652964,24.92498812495409],[92.32768055652964,24.92489890945353],[92.32776971218962,24.92489888164492]]]}"
0000000000000000005a,1173.427984753316,N24E092,0.485679745674133,0.485679745674133,0.485679745674133,91,field,0.22403384590068376,152.17223827874034,1.253147742102243,medium,2025/01/01 00:00:00,"{""type"":""Polygon"",""coordinates"":[[[92.10624602826967,24.890046627383636],[92.10624602826967,24.8904032917375],[92.10615685959142,24.890403276739928],[92.10615685959142,24.890314133307555],[92.10588486252851,24.890314151034186],[92.10588486252851,24.890046630065108],[92.10624602826967,24.890046627383636]]]}"
0000000000000000005e,721.9704034199391,N24E092,0.447981953620911,0.442537814378738,0.447981953620911,95,field,0.3888888567099164,155.66181090954487,1.634246070350297,medium,2025/01/01 00:00:00,"{""type"":""Polygon"",""coordinates"":[[[92.07911684923609,24.915829079980668],[92.07911684923609,24.91591830839731],[92.07920603886657,24.9159183381835],[92.07920603886657,24.916364208415168],[92.07911684923609,24.916364178646884],[92.07911684923609,24.916096674665702],[92.07902765978358,24.916096644831043],[92.07902765978358,24.91582914063063],[92.07911684923609,24.915829079980668]]]}"
00000000000000000061,993.0069557089845,N24E092,0.498069494962692,0.498069494962692,0.498069494962692,98,field,0.45569454671994913,134.03066292813008,1.199839315081955,medium,2025/01/01 00:00:00,"{""type"":""Polygon"",""coordinates"":[[[92.06806724223505,24.878724896027855],[92.06806724223505,24.878996955573363],[92.0679780000327,24.878996918396535],[92.0679780000327,24.879086156780755],[92.06779517750279,24.87908614205462],[92.06779517750279,24.87872493459003],[92.06806724223505,24.878724896027855]]]}"
00000000000000000068,271.0270235435545,N24E092,0.364232867956161,0.364232867956161,0.364232867956161,105,field,0.37085331409995315,77.84971836458328,1.333969241966175,small,2025/01/01 00:00:00,"{""type"":""Polygon"",""coordinates"":[[[92.05495302023847,24.78287651317936],[92.05495302023847,24.783148557821306],[92.05486380425094,24.78314859919158],[92.05486380425094,24.782876554538884],[92.05495302023847,24.78287651317936]]]}"
0000000000000000006d,90.27138727899097,N24E092,0.523313999176025,0.523313999176025,0.523313999176025,110,field,0.28005787155084444,38.0445775110436,1.129569026449491,small,2025/01/01 00:00:00,"{""type"":""Polygon"",""coordinates"":[[[92.16742043529977,24.87603163948038],[92.16742043529977,24.876120784063854],[92.16733122000359,24.876120805578704],[92.16733122000359,24.876031660991497],[92.16742043529977,24.87603163948038]]]}"
00000000000000000070,90.39452442770109,N24E092,0.356798738241196,0.356798738241196,0.356798738241196,113,field,-0.15484996214509011,38.06934645574331,1.129534309523921,small,2025/01/01 00:00:00,"{""type"":""Polygon"",""coordinates"":[[[92.04067048985324,24.71047417518231],[92.04067048985324,24.710563275775332],[92.04057681690512,24.710563275567708],[92.04057681690512,24.710474174971],[92.04067048985324,24.71047417518231]]]}"
00000000000000000076,180.5500424624849,N24E092,0.495006889104843,0.495006889104843,0.495006889104843,119,field,0.5111809576812544,57.940861275890455,1.216413460067307,small,2025/01/01 00:00:00,"{""type"":""Polygon"",""coordinates"":[[[92.08648330009773,24.875402917695467],[92.08648330009773,24.875581304300006],[92.08639409594905,24.87558127742901],[92.08639409594905,24.875402890817274],[92.08648330009773,24.875402917695467]]]}"
0000000000000000007a,180.50158702878443,N24E092,0.444019973278046,0.444019973278046,0.444019973278046,123,field,-0.10377269672310871,57.936333473742664,1.216481651803293,small,2025/01/01 00:00:00,"{""type"":""Polygon"",""coordinates"":[[[92.03985891336922,24.912052290651282],[92.03985891336922,24.912235096439552],[92.03976972757697,24.912235043001225],[92.03976972757697,24.91205223720573],[92.03985891336922,24.912052290651282]]]}"
0000000000000000007c,180.4237121183333,N24E092,0.414473533630371,0.414473533630371,0.414473533630371,125,field,0.46629995522291756,56.1706451941889,1.179662226774797,small,2025/01/01 00:00:00,"{""type"":""Polygon"",""coordinates"":[[[92.42721215850226,24.947626978204315],[92.42721215850226,24.947716183203838],[92.42703376072247,24.94771617996531],[92.42703376072247,24.94762697495745],[92.42721215850226,24.947626978204315]]]}"
00000000000000000084,180.4246685215739,N24E092,0.523707151412964,0.51557582616806,0.523707151412964,133,field,-0.08485780656337738,56.170637026554616,1.179658928635914,small,2025/01/01 00:00:00,"{""type"":""Polygon"",""coordinates"":[[[92.34977535194483,24.94996351590154],[92.34977535194483,24.95005272385152],[92.34959702997914,24.950052717625255],[92.34959702997914,24.949963509667192],[92.34977535194483,24.94996351590154]]]}"
00000000000000000086,180.4415883517516,N24E092,0.432014435529709,0.432014435529709,0.432014435529709,135,field,0.43535306840612176,57.92872858428043,1.216524175881575,small,2025/01/01 00:00:00,"{""type"":""Polygon"",""coordinates"":[[[92.43358863786987,24.934869466448188],[92.43358863786987,24.93505231576364],[92.43349942650268,24.935052317588163],[92.43349942650268,24.934869468264125],[92.43358863786987,24.934869466448188]]]}"
000000000000000000a1,18586.873611075513,N24E092,0.526004731655121,0.526004731655121,0.526004731655121,162,field,-0.1581257570835745,1389.1824208838448,2.874426274994224,very_large,2025/01/01 00:00:00,"{""type"":""Polygon"",""coordinates"":[[[92.28150651187333,24.931279875542284],[92.2813281565787,24.93127987716027],[92.2813281565787,24.931186227590384],[92.28105615295073,24.931186297677314],[92.28105615295073,24.931097081722744],[92.28087779942575,24.9310970827604],[92.28087779942575,24.9310078667747],[92.28078866050569,24.931007866633692],[92.28078866050569,24.930918741103568],[92.2806057984967,24.930918719956306],[92.2806057984967,24.931097061492114],[92.28051658495207,24.931097062328796],[92.28051658495207,24.930829504737012],[92.2809670136804,24.930829524164945],[92.2809670136804,24.93091874019327],[92.28123450717656,24.93091873898107],[92.28123450717656,24.931007864491608],[92.28195687526444,24.931007901971206],[92.28195687526444,24.932354553457937],[92.28150651187333,24.932354536356186],[92.28150651187333,24.93244375196262],[92.28141737171855,24.932443752278395],[92.28141737171855,24.9325374014995],[92.2809670136804,24.932537382731372],[92.2809670136804,24.93244373348948],[92.28087779942575,24.93244373461173],[92.28087779942575,24.93253738385774],[92.28069944660162,24.93253738479847],[92.28069944660162,24.932265394719522],[92.2806057984967,24.93226537269103],[92.2806057984967,24.932087031764983],[92.28069944660162,24.93208696331924],[92.28069944660162,24.931725847558162],[92.2806057984967,24.931725825504746],[92.2806057984967,24.931369052513645],[92.28069944660162,24.931369074583547],[92.28069944660162,24.931458290482784],[92.28087779942575,24.931458289636858],[92.28087779942575,24.931369073745465],[92.28078866050569,24.931369073620314],[92.28078866050569,24.93118629858962],[92.2809670136804,24.931186297655824],[92.2809670136804,24.931279856759677],[92.28105615295073,24.931279856777063],[92.28105615295073,24.931547413945133],[92.28114536755594,24.931547412750497],[92.28114536755594,24.932086960075093],[92.28105615295073,24.932086961293443],[92.28105615295073,24.93217617698956],[92.28123450717656,24.93217617563361],[92.28123450717656,24.93163662847359],[92.28150651187333,24.93163664846816],[92.28150651187333,24.931547432650966],[92.28123450717656,24.931547412644438],[92.28123450717656,24.931369071398894],[92.28150651187333,24.931369091429328],[92.28150651187333,24.931279875542284]],[[92.28150651187333,24.931369091429328],[92.28168486786882,24.931369089580024],[92.28168486786882,24.93145830543594],[92.28150651187333,24.931458307293088],[92.28150651187333,24.931369091429328]],[[92.28159572736375,24.931636646987332],[92.28168486786882,24.931636646595337],[92.28168486786882,24.931725771898858],[92.28159572736375,24.93172577229478],[92.28159572736375,24.931636646987332]],[[92.28078866050569,24.93199783707578],[92.28087779942575,24.931997837173316],[92.28087779942575,24.932086962418072],[92.28078866050569,24.932086962324448],[92.28078866050569,24.93199783707578]]]}"
000000000000000000a4,13981.65253506416,N24E092,0.558375954627991,0.549087345600128,0.558375954627991,165,field,-0.1479722606827578,891.0905896064673,2.125874745703149,very_large,2025/01/01 00:00:00,"{""type"":""Polygon"",""coordinates"":[[[92.07641909667227,24.974394916491512],[92.07641909667227,24.974305793781216],[92.07678032389971,24.9743057571767],[92.07678032389971,24.974216543977345],[92.07723066491546,24.97421662667251],[92.07723066491546,24.974756157955543],[92.07731985078206,24.974756096079265],[92.07731985078206,24.97484530911431],[92.07714147922684,24.97484534233851],[92.07714147922684,24.97493446487738],[92.0766911391098,24.97493447252571],[92.0766911391098,24.975028119044847],[92.07651277006393,24.975028151498023],[92.07651277006393,24.97511736449339],[92.0768695088676,24.975117299349904],[92.0768695088676,24.975028176848497],[92.07740903682665,24.975028106675648],[92.07740903682665,24.975384867892537],[92.0774982230492,24.975384896359362],[92.0774982230492,24.97547401874136],[92.07740903682665,24.975474080757674],[92.07740903682665,24.975563203119655],[92.07714147922684,24.97556320788581],[92.07714147922684,24.97565685421142],[92.0768695088676,24.97565682927934],[92.0768695088676,24.975563273421873],[92.07678032389971,24.975563244569354],[92.07678032389971,24.975384909291968],[92.0766911391098,24.975384880376573],[92.0766911391098,24.97529566745912],[92.07660195449787,24.975295728964078],[92.07660195449787,24.97565683304541],[92.07641909667227,24.975656837253748],[92.07641909667227,24.9755631908978],[92.07632991260326,24.975563252243447],[92.07632991260326,24.97493450900629],[92.07624072871224,24.97493447979144],[92.07624072871224,24.974666931036573],[92.07615154499918,24.974666992235104],[92.07615154499918,24.974394919261982],[92.07641909667227,24.974394916491512]],[[92.07714147922684,24.975295659737846],[92.07723066491546,24.975295688375432],[92.07723066491546,24.975384901271298],[92.07714147922684,24.975384872637292],[92.07714147922684,24.975295659737846]]]}"
000000000000000000a6,10015.736418468618,N24E092,0.495839834213257,0.494623810052872,0.495839834213257,167,field,-0.11902511910431254,509.1111319661989,1.435047306231541,very_large,2025/01/01 00:00:00,"{""type"":""Polygon"",""coordinates"":[[[92.26569454076353,24.926245532405503],[92.26569454076353,24.926156404973757],[92.26596660256416,24.926156362627044],[92.26596660256416,24.926067235183957],[92.2663232682153,24.92606717949692],[92.2663232682153,24.925978052046165],[92.26659533378889,24.925978008522055],[92.26659533378889,24.925888881059954],[92.26668451995911,24.925888889173077],[92.26668451995911,24.926067234550985],[92.2667736311688,24.92606724373715],[92.2667736311688,24.92642836794374],[92.26686281768978,24.926428375921628],[92.26686281768978,24.926606721002834],[92.26659533378889,24.926606786272906],[92.26659533378889,24.926695913548052],[92.2663232682153,24.92669595716769],[92.2663232682153,24.92678508443148],[92.26587741780617,24.926785131720155],[92.26587741780617,24.926874349464686],[92.26560535654073,24.92687430125201],[92.26560535654073,24.926785083495584],[92.26551617249339,24.926785165230324],[92.26551617249339,24.926517602294496],[92.2654269886215,24.926517593477147],[92.2654269886215,24.92624559657006],[92.26569454076353,24.926245532405503]]]}"
000000000000000000a8,7945.433009212873,N24E092,0.490968137979507,0.490968137979507,0.490968137979507,169,field,-0.04940064021076866,612.2528045742207,1.937613117831877,very_large,2025/01/01 00:00:00,"{""type"":""Polygon"",""coordinates"":[[[92.21476274199065,24.848273692330284],[92.21476274199065,24.848184542630918],[92.2149410604005,24.848184537577637],[92.2149410604005,24.84836292744573],[92.2150302949196,24.84836287846749],[92.2150302949196,24.848545703090778],[92.21511945456474,24.848545745663195],[92.21511945456474,24.8484520706865],[92.2153022774179,24.848452089249566],[92.2153022774179,24.848545764218056],[92.21539143759999,24.84854571611355],[92.21539143759999,24.84890249531426],[92.21548059795812,24.848902447138926],[92.21548059795812,24.84935281019888],[92.21556983354327,24.84935285134851],[92.21556983354327,24.849531240568083],[92.21583739125371,24.8495311848605],[92.21583739125371,24.849620424678257],[92.21574815513989,24.849620383707204],[92.21574815513989,24.849709532999167],[92.21539143759999,24.849709546265256],[92.21539143759999,24.849620396958066],[92.2153022774179,24.849620354601385],[92.2153022774179,24.84944205591131],[92.21520861438589,24.849441989406376],[92.21520861438589,24.8493528400233],[92.21511945456474,24.849352797541066],[92.21511945456474,24.84926364813148],[92.2150302949196,24.849263696096827],[92.2150302949196,24.849080871848177],[92.2149410604005,24.849080830349912],[92.2149410604005,24.848902440847294],[92.21476274199065,24.848902445961844],[92.21476274199065,24.848813296422442],[92.21467350800022,24.848813254745615],[92.21467350800022,24.84854571547263],[92.21476274199065,24.848545757160917],[92.21476274199065,24.848452082168222],[92.21467350800022,24.848452130983176],[92.21467350800022,24.84827374113764],[92.21476274199065,24.848273692330284]]]}"
000000000000000000ad,13626.776759115512,N24E092,0.412198781967163,0.384389042854309,0.412198781967163,174,field,-0.08643226005416398,720.9890706928988,1.742317018895437,very_large,2025/01/01 00:00:00,"{""type"":""Polygon"",""coordinates"":[[[92.0251260928894,24.923195570590664],[92.0251260928894,24.92310190764769],[92.0252152493642,24.923101879287948],[92.0252152493642,24.923012741104497],[92.0251260928894,24.923012769460783],[92.0251260928894,24.92292354075502],[92.02494770574289,24.922923507808115],[92.02494770574289,24.922745140808615],[92.0251260928894,24.922745173769457],[92.0251260928894,24.9226560354897],[92.02539804685244,24.922655980191756],[92.02539804685244,24.922745208956613],[92.02548727860545,24.922745179431274],[92.02548727860545,24.92265604116561],[92.02557643580364,24.922656012598196],[92.02557643580364,24.922473211216357],[92.02602678327375,24.922473186943684],[92.02602678327375,24.9225623252359],[92.02611601628703,24.92256238582137],[92.02611601628703,24.922834325330403],[92.02620517474443,24.922834386859982],[92.02620517474443,24.923195554758458],[92.0262943333804,24.923195525722786],[92.0262943333804,24.923463120925444],[92.02620517474443,24.923463059476056],[92.02620517474443,24.92391345514043],[92.02593762517361,24.923913452512956],[92.02593762517361,24.924002680929096],[92.02584846725205,24.924002619278607],[92.02584846725205,24.923913481354337],[92.02575482546969,24.923913480258207],[92.02575482546969,24.923824251811684],[92.02566559318039,24.923824281545873],[92.02566559318039,24.92355225227388],[92.02575482546969,24.92355231304575],[92.02575482546969,24.92346308450511],[92.02566559318039,24.923463114225232],[92.02566559318039,24.923373885657863],[92.02485854980395,24.92337393263359],[92.02485854980395,24.92319556586172],[92.0251260928894,24.923195570590664]]]}"
000000000000000000ae,7306.841315863011,N24E092,0.508650481700897,0.508650481700897,0.508650481700897,175,field,0.007734655161404949,431.207199717182,1.423037135636062,very_large,2025/01/01 00:00:00,"{""type"":""Polygon"",""coordinates"":[[[92.06465155496664,24.970176660297867],[92.06465155496664,24.970083011928352],[92.0650126870451,24.97008300577492],[92.0650126870451,24.970176654129354],[92.06581978441511,24.970176644425965],[92.06581978441511,24.97026585913054],[92.06590902230454,24.970265803527123],[92.06590902230454,24.970444142377122],[92.06581978441511,24.9704441979876],[92.06581978441511,24.97071618492158],[92.06573062150508,24.97071614897325],[92.06573062150508,24.970805363538833],[92.06564145877307,24.970805327538383],[92.06564145877307,24.970716203450554],[92.06519108497614,24.970716176043176],[92.06519108497614,24.97062252784582],[92.06483436462639,24.970622564127968],[92.06483436462639,24.97053334947842],[92.06456231959035,24.97053339302604],[92.06456231959035,24.97017662463044],[92.06465155496664,24.970176660297867]]]}"
000000000000000000af,5233.4303467626205,N24E092,0.438145875930786,0.429567247629166,0.438145875930786,176,field,7.197477710608394E-5,440.0542628335159,1.715963620040126,very_large,2025/01/01 00:00:00,"{""type"":""Polygon"",""coordinates"":[[[92.03285370002766,24.939181448737262],[92.03285370002766,24.939003090843038],[92.03294287197646,24.939003057047266],[92.03294287197646,24.938913923314193],[92.03312121640964,24.938913855562824],[92.03312121640964,24.939003079780004],[92.03339321920643,24.939003097828177],[92.03339321920643,24.939181455680142],[92.03330404635604,24.939181399272645],[92.03330404635604,24.939275057471715],[92.033210388894,24.939275061886672],[92.033210388894,24.93945341961063],[92.03330404635604,24.939453415188343],[92.03330404635604,24.939364281587192],[92.03339321920643,24.939364247496517],[92.03339321920643,24.93990384474692],[92.03312121640964,24.93990382680638],[92.03312121640964,24.93981016877259],[92.03303204410379,24.939810202711083],[92.03303204410379,24.939720978701708],[92.0327645282574,24.93972098968224],[92.0327645282574,24.939181391993355],[92.03285370002766,24.939181448737262]],[[92.03303204410379,24.93918147156722],[92.03312121640964,24.939181437653286],[92.03312121640964,24.93927509585987],[92.03303204410379,24.939275039286454],[92.03303204410379,24.93918147156722]]]}"
000000000000000000b3,9921.116614731722,N24E092,0.460530400276184,0.457974463701248,0.460530400276184,180,field,-0.07966616505919623,740.676761003662,2.097700634119176,very_large,2025/01/01 00:00:00,"{""type"":""Polygon"",""coordinates"":[[[92.29938309966872,24.980325590805656],[92.29938309966872,24.98014718633332],[92.29973980239967,24.98014722174031],[92.29973980239967,24.980058019484517],[92.30010101940063,24.980057984646027],[92.30010101940063,24.979968782382592],[92.30027937323321,24.979968844547113],[92.30027937323321,24.98005804680263],[92.30036855041195,24.980058032562575],[92.30036855041195,24.98059758807146],[92.30064051933,24.98059756718487],[92.30064051933,24.980775880838618],[92.30046216408039,24.98077590966768],[92.30046216408039,24.980865111701327],[92.30027937323321,24.980865118062855],[92.30027937323321,24.98095432008097],[92.29992259107699,24.980954287327613],[92.29992259107699,24.981043489337914],[92.29983341477318,24.98104350334168],[92.29983341477318,24.981132614863757],[92.29956145068427,24.981132634277728],[92.29956145068427,24.981043432275047],[92.2996506264545,24.98104350891054],[92.2996506264545,24.980954306888197],[92.29956145068427,24.980954320717338],[92.29956145068427,24.980865118667424],[92.299472275089,24.980865132436655],[92.299472275089,24.980686728258032],[92.29938309966872,24.980686741963403],[92.29938309966872,24.98041470253764],[92.29929392442337,24.980414716175005],[92.29929392442337,24.980325513970307],[92.29938309966872,24.980325590805656]],[[92.30001184274677,24.980414717082727],[92.30010101940063,24.980414702994796],[92.30010101940063,24.980503905140115],[92.30001184274677,24.980503919232003],[92.30001184274677,24.980414717082727]],[[92.29992259107699,24.980775883236127],[92.30001184274677,24.980775958500775],[92.30001184274677,24.980865070085756],[92.29992259107699,24.980865085293676],[92.29992259107699,24.980775883236127]],[[92.2996506264545,24.980236347357053],[92.29973980239967,24.980236333503708],[92.29973980239967,24.980503940058547],[92.29983341477318,24.98050394840384],[92.29983341477318,24.98059758350284],[92.2996506264545,24.980597589031223],[92.2996506264545,24.980236347357053]]]}"
000000000000000000c1,12016.361247444098,N24E092,0.447982847690582,0.447982847690582,0.447982847690582,194,field,0.07055444795086069,833.860831637425,2.145863805193574,very_large,2025/01/01 00:00:00,"{""type"":""Polygon"",""coordinates"":[[[92.00176929135905,24.7771287319433],[92.00176929135905,24.776945943219385],[92.00168010717863,24.77694595234345],[92.00168010717863,24.776767599702783],[92.0018629573493,24.776767612342013],[92.0018629573493,24.77667843599544],[92.0021305115285,24.776678408148047],[92.0021305115285,24.777128816319795],[92.0022196966129,24.777128806909325],[92.0022196966129,24.77721798313001],[92.00230880718166,24.77721797465445],[92.00230880718166,24.777485503172976],[92.0022196966129,24.777485511658853],[92.0022196966129,24.7775791239632],[92.0021305115285,24.777579133391043],[92.0021305115285,24.777668309503053],[92.0022196966129,24.77766830007177],[92.0022196966129,24.777846652222287],[92.00204132662311,24.77784667104331],[92.00204132662311,24.778207901804407],[92.00168010717863,24.778207907906854],[92.00168010717863,24.77829708387968],[92.00150173935477,24.778297102066112],[92.00150173935477,24.77820783555241],[92.0013233722469,24.778207853510708],[92.0013233722469,24.77793588924794],[92.00123418896146,24.777935898133627],[92.00123418896146,24.777846722053656],[92.0011405242966,24.777846699931473],[92.0011405242966,24.777757523825674],[92.00150173935477,24.77775751914911],[92.00150173935477,24.77757916689877],[92.0011405242966,24.77757917154746],[92.0011405242966,24.777307116251503],[92.00123418896145,24.77730713839559],[92.00123418896146,24.777217962159057],[92.0018629573493,24.777217929919527],[92.0018629573493,24.77712875368506],[92.00176929135905,24.7771287319433]],[[92.0018629573493,24.77712875368506],[92.0018629573493,24.777039577428383],[92.00204132662311,24.777039558890905],[92.00204132662311,24.777128735140693],[92.0018629573493,24.77712875368506]],[[92.00150173935477,24.777846695240967],[92.00168010717863,24.777846677089276],[92.00168010717863,24.777935853152055],[92.00150173935477,24.77793587131063],[92.00150173935477,24.777846695240967]]]}"
000000000000000000c2,11639.385980482355,N24E092,0.476153016090393,0.384380370378494,0.463689267635345,195,field,0.13325973719427123,940.3721230701949,2.458837222724758,very_large,2025/01/01 00:00:00,"{""type"":""Polygon"",""coordinates"":[[[92.32920555615264,24.929839571539397],[92.32920555615264,24.929750447853127],[92.32947754699454,24.929750471507976],[92.32947754699454,24.929661257329766],[92.33019549023429,24.929661221464507],[92.33019549023429,24.929572097776145],[92.33010625458581,24.929572038003847],[92.33010625458581,24.929482914288247],[92.32992349510597,24.929482861265193],[92.32992349510597,24.92939373751815],[92.33001265515584,24.92939370810237],[92.33001265515584,24.929300060286423],[92.32992349510597,24.929300089698007],[92.32992349510597,24.92912166112333],[92.33001265515584,24.92912172220078],[92.33001265515584,24.92894329354104],[92.32992349510597,24.928943322936647],[92.32992349510597,24.928854108567876],[92.32974510028951,24.92885416835343],[92.32974510028951,24.928943292249098],[92.32983425999025,24.928943353446428],[92.32983425999025,24.929032477314852],[92.32974510028951,24.92903250660261],[92.32974510028951,24.929121720932862],[92.32920555615264,24.929121695420655],[92.32920555615264,24.92903248106619],[92.32929471479743,24.929032542597753],[92.32929471479743,24.92876498988793],[92.32956670617165,24.92876492302604],[92.32956670617165,24.92867136549808],[92.33010625458581,24.928671299281323],[92.33010625458581,24.92858217533098],[92.33055220885151,24.92858211544233],[92.33055220885151,24.929121654169997],[92.33046297250434,24.929121685082244],[92.33046297250434,24.929750437116855],[92.33019549023429,24.929750435610494],[92.33019549023429,24.929839649733214],[92.32974510028951,24.929839596856645],[92.32974510028951,24.929928810976318],[92.32929471479743,24.92992875669363],[92.32929471479743,24.930022404371222],[92.32902716414759,24.930022401873938],[92.32902716414759,24.92983963051272],[92.32920555615264,24.929839571539397]]]}"
000000000000000000c4,6587.962133196424,N24E092,0.485065042972565,0.474267333745956,0.485065042972565,197,field,0.24271126411069088,632.0339956296884,2.196645421058844,very_large,2025/01/01 00:00:00,"{""type"":""Polygon"",""coordinates"":[[[92.00473458052942,24.921037366981057],[92.00473458052942,24.920948136968885],[92.00491744326796,24.920948134298946],[92.00491744326796,24.921037364304055],[92.00500663394526,24.92103734760899],[92.00500663394526,24.92094811760733],[92.00509575010227,24.920948192356477],[92.00509575010227,24.920858962335043],[92.00500663394526,24.920858978079426],[92.00500663394526,24.920769838528333],[92.00491744326796,24.92076976471605],[92.00491744326796,24.920858994767606],[92.00473458052942,24.920858997430475],[92.00473458052942,24.92067619343148],[92.00482377083976,24.920676176864262],[92.00482377083976,24.920586946761492],[92.00491744326796,24.920586960683934],[92.00491744326796,24.920141081331288],[92.00509575010227,24.920141048954093],[92.00509575010227,24.920319418850426],[92.00518494113737,24.920319402071986],[92.00518494113737,24.920587001980643],[92.00536332374452,24.920586968236446],[92.00536332374452,24.920676198318358],[92.00545251531655,24.920676181359475],[92.00545251531655,24.920948124812327],[92.00536332374452,24.920948141781704],[92.00536332374452,24.920859002267576],[92.00518494113737,24.92085894553579],[92.00518494113737,24.921487718027617],[92.00509575010227,24.92148773485113],[92.00509575010227,24.921576874212025],[92.00500663394526,24.92157688998408],[92.00500663394526,24.921487750619743],[92.00473458052942,24.921487679548004],[92.00473458052942,24.921398540149962],[92.00464539039805,24.921398556689486],[92.00464539039804,24.921304892420306],[92.00455620044565,24.921304908900645],[92.00455620044565,24.92103730947971],[92.00473458052942,24.921037366981057]]]}"
00000000000000000000,2343.0353450519233,N25E091,0.444137662649155,0.444137662649155,0.444137662649155,1,field,0.25002944863105003,324.0055975810208,1.888244207883672,large,2025/01/01 00:00:00,"{""type"":""Polygon"",""coordinates"":[[[91.97616958205954,25.10285723004977],[91.97616958205954,25.102768047570677],[91.97625878965545,25.10276804087527],[91.97625878965545,25.10267433593527],[91.97634792277985,25.1026743301772],[91.97634792277985,25.102585147654676],[91.97643713073447,25.10258514085458],[91.97643713073447,25.10249595831096],[91.97653081794276,25.10249598252397],[91.97653081794276,25.102406799959443],[91.97670916011566,25.10240678707776],[91.97670916011566,25.10231760449554],[91.9767982941452,25.10231759846932],[91.9767982941452,25.102585146132387],[91.97670916011566,25.102585152168775],[91.97670916011566,25.10267433467757],[91.97661995161387,25.10267434165136],[91.97661995161387,25.10276804657693],[91.97653081794276,25.102768052508704],[91.97653081794276,25.102857234974064],[91.97634792277985,25.102857217585964],[91.97634792277985,25.1029464000338],[91.97625878965545,25.102946405802204],[91.97625878965545,25.103035588228938],[91.97616958205954,25.10303559493452],[91.97616958205954,25.103124777340167],[91.97608037464308,25.10312469354461],[91.97608037464308,25.102857146243977],[91.97616958205954,25.10285723004977]]]}"
00000000000000000001,1532.572200886556,N25E091,0.508029043674469,0.508029043674469,0.508029043674469,2,field,0.13497607994654456,244.47219994065637,1.761627481852831,large,2025/01/01 00:00:00,"{""type"":""Polygon"",""coordinates"":[[[91.77539856435672,25.068807505072765],[91.77539856435672,25.068901136886446],[91.77557691083739,25.068901095829794],[91.77557691083739,25.068807464022502],[91.77575533235773,25.068807512331478],[91.77575533235773,25.06890114413236],[91.77584450623539,25.06890116864242],[91.77584450623539,25.068990277140013],[91.77575533235773,25.06899034309848],[91.77575533235773,25.069079542040345],[91.77557691083739,25.069079493750003],[91.77557691083739,25.068990294802024],[91.77539856435672,25.068990335864758],[91.77539856435672,25.06907953481882],[91.77521575996974,25.069079538236064],[91.77521575996974,25.068990339275768],[91.77512658737567,25.0689903143773],[91.77512658737567,25.06880748356625],[91.77539856435672,25.068807505072765]]]}"
00000000000000000004,1531.7054727490665,N25E091,0.429507553577423,0.429507553577423,0.429507553577423,5,field,0.03897796358973512,246.17539207134723,1.774402228399048,large,2025/01/01 00:00:00,"{""type"":""Polygon"",""coordinates"":[[[91.90906460310417,25.130075530085005],[91.90906460310417,25.129986352599378],[91.90915375001822,25.129986385896867],[91.90915375001822,25.12989268620323],[91.90906460310417,25.129892743346037],[91.90906460310417,25.12980356580984],[91.90915375001822,25.129803508670292],[91.90915375001822,25.12971433111268],[91.90906460310417,25.12971438824897],[91.90906460310417,25.129625210663445],[91.90924736937936,25.12962512946721],[91.90924736937936,25.129803575043983],[91.9093365912006,25.129803516834812],[91.9093365912006,25.129892694361033],[91.90942573866415,25.12989272749191],[91.90942573866415,25.130075514203707],[91.9093365912006,25.130075571523243],[91.9093365912006,25.130164748974202],[91.90897538183289,25.130164765598145],[91.90897538183289,25.130075588133927],[91.90906460310417,25.130075530085005]]]}"
0000000000000000000b,4238.093849046875,N25E091,0.471962928771973,0.466307938098907,0.471962928771973,12,field,0.21686049047287534,373.17472613980664,1.617044628126375,large,2025/01/01 00:00:00,"{""type"":""Polygon"",""coordinates"":[[[91.97096136397381,25.025870808277663],[91.97096136397381,25.025781604697134],[91.97149647473336,25.025781601752975],[91.97149647473336,25.025870805313193],[91.97167927524401,25.02587083590758],[91.97167927524401,25.025959948966804],[91.9717684738068,25.02595994799612],[91.9717684738068,25.02604915149812],[91.97185767254908,25.026049150468353],[91.97185767254908,25.02622755739371],[91.9717684738068,25.026227558430254],[91.9717684738068,25.026321194890265],[91.97149647473336,25.026321165315338],[91.97149647473336,25.02622752884448],[91.9713180788817,25.026227530410726],[91.9713180788817,25.026138326939535],[91.97122888122506,25.026138327635724],[91.97122888122506,25.026049214607276],[91.97060017346051,25.026049184523607],[91.97060017346051,25.025870777407],[91.97096136397381,25.025870808277663]]]}"
00000000000000000011,1982.880216295779,N25E091,0.517404079437256,0.512924790382385,0.517404079437256,18,field,0.1618946534050982,277.1253003101999,1.755589621947931,large,2025/01/01 00:00:00,"{""type"":""Polygon"",""coordinates"":[[[91.90987617463072,25.08740637395629],[91.90987617463072,25.087312752443484],[91.9105048397627,25.087312751697187],[91.9105048397627,25.08740637318575],[91.9104112177337,25.08740639644912],[91.9104112177337,25.08749558559445],[91.90978247939678,25.087495586930224],[91.90978247939678,25.08758477607428],[91.90942573866415,25.087584730241417],[91.90942573866415,25.087406442358258],[91.90987617463072,25.08740637395629]]]}"
00000000000000000013,1532.4914817211159,N25E091,0.451366871595383,0.451366871595383,0.451366871595383,20,field,0.056252865325621584,170.20103507057487,1.226473673126555,large,2025/01/01 00:00:00,"{""type"":""Polygon"",""coordinates"":[[[91.8463651576099,25.07015857789225],[91.8463651576099,25.070069381704666],[91.84654349557596,25.07006943667356],[91.84654349557596,25.070426130790374],[91.8460931861629,25.070426183954925],[91.8460931861629,25.070158595508758],[91.8463651576099,25.07015857789225]]]}"
00000000000000000014,1711.8915496432157,N25E091,0.455238342285156,0.455238342285156,0.455238342285156,21,field,0.41724839840812245,209.94754770431373,1.431422205642697,large,2025/01/01 00:00:00,"{""type"":""Polygon"",""coordinates"":[[[91.97760543557288,25.126213994313357],[91.97760543557288,25.126659873902717],[91.97769457140363,25.126659866390945],[91.97769457140363,25.126749042231502],[91.97742708979605,25.1267490656005],[91.97742708979605,25.12657071387441],[91.97733787985024,25.126570722206203],[91.97733787985024,25.126392370374766],[91.97724867008387,25.126392288201753],[91.97724867008387,25.12621393626491],[91.97760543557288,25.126213994313357]]]}"
00000000000000000015,1712.8009361110717,N25E091,0.482213258743286,0.468362927436829,0.482213258743286,22,field,0.12823151559373142,240.91923873447627,1.642151057683439,large,2025/01/01 00:00:00,"{""type"":""Polygon"",""coordinates"":[[[91.88669770299259,25.065935857789555],[91.88669770299259,25.06584666190268],[91.88750483984114,25.065846678598188],[91.88750483984114,25.06593587445575],[91.88732648471783,25.06593586842662],[91.88732648471783,25.066024973804122],[91.88687613007009,25.066025059517695],[91.88687613007009,25.06611416488734],[91.88669770299259,25.06611415902831],[91.88669770299259,25.066025053652197],[91.88660852697464,25.066025004933866],[91.88660852697464,25.06593580906798],[91.88669770299259,25.065935857789555]]]}"
00000000000000000022,1533.16501380892,N25E091,0.443559259176254,0.443559259176254,0.443559259176254,35,field,0.26656743435693003,173.77759932427068,1.251971409165262,large,2025/01/01 00:00:00,"{""type"":""Polygon"",""coordinates"":[[[91.68583309619498,25.027395850866316],[91.68583309619498,25.027489497564325],[91.68592668387922,25.027489436946542],[91.68592668387922,25.02793541200319],[91.68565467205678,25.027935404523063],[91.68565467205678,25.027395782718163],[91.68583309619498,25.027395850866316]]]}"
00000000000000000025,3336.757327252867,N25E091,0.449220180511475,0.449220180511475,0.449220180511475,38,field,0.12344654826030359,298.91226782139313,1.459743318553952,large,2025/01/01 00:00:00,"{""type"":""Polygon"",""coordinates"":[[[91.82246884291256,25.021826360973957],[91.82246884291256,25.02173724136222],[91.82264723255899,25.02173723722423],[91.82264723255899,25.021826447306456],[91.82273635326312,25.021826446058395],[91.82273635326312,25.021737235979288],[91.8232759167874,25.02173725882709],[91.8232759167874,25.02192002180495],[91.823365113162,25.0219200192549],[91.823365113162,25.022009229262892],[91.8232759167874,25.022009231816075],[91.8232759167874,25.022098441803262],[91.82246884291256,25.022098424453084],[91.82246884291256,25.02192000439812],[91.82237964836159,25.021920006390236],[91.82237964836159,25.021826362962784],[91.82246884291256,25.021826360973957]]]}"
00000000000000000029,2974.697606214728,N25E091,0.487207591533661,0.487207591533661,0.487207591533661,42,field,0.3690806580077433,297.051931670314,1.536406149806987,large,2025/01/01 00:00:00,"{""type"":""Polygon"",""coordinates"":[[[91.95963971390275,25.06827237876142],[91.95963971390275,25.068178753718403],[91.95972888823503,25.06817875867179],[91.95972888823503,25.068089566097242],[91.96017924001158,25.06808962169312],[91.96017924001158,25.068178723791693],[91.96062959636683,25.06817877794916],[91.96062959636683,25.068361595443857],[91.9600008897132,25.068361622394345],[91.9600008897132,25.06845072442578],[91.95955053974996,25.068450758794743],[91.95955053974996,25.068272373755832],[91.95963971390275,25.06827237876142]]]}"
0000000000000000002a,1531.489755412911,N25E091,0.389309376478195,0.389309376478195,0.389309376478195,43,field,0.20552184657854078,170.14148093019614,1.22644542809016,large,2025/01/01 00:00:00,"{""type"":""Polygon"",""coordinates"":[[[91.77386912456282,25.157204707366407],[91.77386912456282,25.157115532628218],[91.77423026429597,25.157115569827475],[91.77423026429597,25.157383093930466],[91.77414109371385,25.15738307144084],[91.77414109371385,25.157472246095153],[91.77386912456282,25.157472231431793],[91.77386912456282,25.157383056768193],[91.7737798804099,25.157383034938604],[91.7737798804099,25.15720468553071],[91.77386912456282,25.157204707366407]]]}"
0000000000000000002d,1983.0693054206333,N25E091,0.426837980747223,0.376964718103409,0.426837980747223,46,field,-0.09251675447875761,244.45424513979603,1.548544554389763,large,2025/01/01 00:00:00,"{""type"":""Polygon"",""coordinates"":[[[91.85552415030864,25.079322030986035],[91.85552415030864,25.07922840508959],[91.85579618014813,25.079228368547792],[91.85579618014813,25.07913926562632],[91.85606367035419,25.07913919461464],[91.85606367035419,25.0794112071845],[91.85597455640307,25.079411230302927],[91.85597455640307,25.079500423603662],[91.85561780461722,25.079500428778708],[91.85561780461722,25.07941123546523],[91.85543496300474,25.07941124803515],[91.85543496300474,25.079500441355147],[91.85534577588186,25.07950037455091],[91.85534577588186,25.079322078339978],[91.85552415030864,25.079322030986035]]]}"
0000000000000000003a,811.7229638076199,N25E091,0.493451863527298,0.493451863527298,0.493451863527298,59,field,-0.09492233742753814,114.08618941490485,1.129598810313774,medium,2025/01/01 00:00:00,"{""type"":""Polygon"",""coordinates"":[[[91.74934402905627,25.015088686598205],[91.74934402905627,25.01536067277238],[91.74907652184955,25.015360726882946],[91.74907652184955,25.01508874068135],[91.74934402905627,25.015088686598205]]]}"
0000000000000000003c,811.1672195980414,N25E091,0.440821826457977,0.440821826457977,0.440821826457977,61,field,0.4966912300481449,153.84173786429213,1.523751160124484,medium,2025/01/01 00:00:00,"{""type"":""Polygon"",""coordinates"":[[[91.98775881482406,25.083812381299968],[91.98775881482406,25.083990755729005],[91.98784797105361,25.083990743489466],[91.98784797105361,25.084169117814277],[91.98775881482406,25.084169130060634],[91.98775881482406,25.08426274940971],[91.9876695841036,25.084262762598904],[91.9876695841036,25.083990768907807],[91.98757594804252,25.083990750280456],[91.98757594804252,25.08381237583743],[91.98775881482406,25.083812381299968]]]}"
0000000000000000003e,901.1795893081994,N25E091,0.397674590349197,0.397674590349197,0.397674590349197,63,field,0.4375744420906593,211.7454221976418,1.989772500682211,medium,2025/01/01 00:00:00,"{""type"":""Polygon"",""coordinates"":[[[91.97149647473336,25.10150610596382],[91.97149647473336,25.101327739884653],[91.97159007686065,25.101327677930033],[91.97159007686065,25.10097103594163],[91.97167927524401,25.100971032180947],[91.97167927524401,25.10141685720074],[91.97159007686065,25.101416860978325],[91.97159007686065,25.101599749465304],[91.9713180788817,25.10159972826581],[91.9713180788817,25.10150611324111],[91.97149647473336,25.10150610596382]]]}"
0000000000000000004f,540.8024280892812,N25E091,0.432663947343826,0.432663947343826,0.432663947343826,80,field,0.45062182430970765,114.05124135947769,1.383489183869296,medium,2025/01/01 00:00:00,"{""type"":""Polygon"",""coordinates"":[[[91.87178651100766,25.086148940688133],[91.87178651100766,25.086055317360092],[91.87187565700765,25.086055284142684],[91.87187565700765,25.086148907467358],[91.871964877663,25.086148963713605],[91.871964877663,25.086238154601467],[91.87187565700765,25.08623809835844],[91.87187565700765,25.08632728922516],[91.87169729071398,25.086327266101147],[91.87169729071398,25.0861489747878],[91.87178651100766,25.086148940688133]]]}"
00000000000000000053,811.0870822626044,N25E091,0.469388872385025,0.469388872385025,0.469388872385025,84,field,0.5389493105471947,132.16040766620193,1.309069472594091,medium,2025/01/01 00:00:00,"{""type"":""Polygon"",""coordinates"":[[[91.79210684442495,25.10995158638023],[91.79210684442495,25.109862399180017],[91.79237439236334,25.109862438641724],[91.79237439236334,25.11004081299913],[91.79228518475549,25.11004080020495],[91.79228518475549,25.11012998734993],[91.79210684442495,25.11012996070702],[91.79210684442495,25.110040773555898],[91.79201763736282,25.110040760594817],[91.79201763736282,25.10995166386962],[91.79210684442495,25.10995158638023]]]}"
00000000000000000055,901.0571623216035,N25E091,0.444342255592346,0.4145667552948,0.444342255592346,86,field,0.45135070401816363,155.61066419369203,1.462373312533775,medium,2025/01/01 00:00:00,"{""type"":""Polygon"",""coordinates"":[[[91.92873815949079,25.120822901893433],[91.92873815949079,25.121001260451493],[91.92882734613116,25.1210012817768],[91.92882734613116,25.121362430408347],[91.92864897303042,25.121362478174156],[91.92864897303042,25.1208228805057],[91.92873815949079,25.120822901893433]]]}"
00000000000000000056,450.3910680661842,N25E091,0.411132782697678,0.411132782697678,0.411132782697678,87,field,0.4728578707346549,95.90858033743919,1.27484576588487,medium,2025/01/01 00:00:00,"{""type"":""Polygon"",""coordinates"":[[[91.97356547119452,25.156125620470714],[91.97356547119452,25.15621478829142],[91.97365467355203,25.156214781198088],[91.97365467355203,25.156393116758192],[91.97347626901646,25.15639313090247],[91.97347626901646,25.156125627504743],[91.97356547119452,25.156125620470714]]]}"
0000000000000000005f,721.1455488289479,N25E091,0.452129513025284,0.452129513025284,0.452129513025284,96,field,0.23553126776998648,150.299397511445,1.5788499004092,medium,2025/01/01 00:00:00,"{""type"":""Polygon"",""coordinates"":[[[91.744942919838,25.082554927492748],[91.744942919838,25.082465731179166],[91.74512574594765,25.082465763714833],[91.74512574594765,25.082554869559495],[91.74521493150529,25.0825549117986],[91.74521493150529,25.0826441080787],[91.74512574594765,25.0826440658426],[91.74512574594765,25.082733262101353],[91.7450321050215,25.082733271931044],[91.7450321050215,25.082644075669144],[91.74476455001854,25.082644129378334],[91.74476455001854,25.08255493308312],[91.744942919838,25.082554927492748]]]}"
00000000000000000062,540.9443100807525,N25E091,0.477303296327591,0.477303296327591,0.477303296327591,99,field,0.10818874259253981,95.9406153201664,1.163647093212989,medium,2025/01/01 00:00:00,"{""type"":""Polygon"",""coordinates"":[[[91.89055933927136,25.05192086571764],[91.89055933927136,25.052192897045575],[91.89038097178233,25.052192893828806],[91.89038097178233,25.051920862481072],[91.89055933927136,25.05192086571764]]]}"
0000000000000000006c,90.10382570015446,N25E091,0.451757192611694,0.447777271270752,0.451757192611694,109,field,0.1592829380450504,38.01111978256443,1.12962453447617,small,2025/01/01 00:00:00,"{""type"":""Polygon"",""coordinates"":[[[91.79417136969025,25.133308399803372],[91.79417136969025,25.13339758046044],[91.79408223276,25.133397568698857],[91.79408223276,25.13330838803871],[91.79417136969025,25.133308399803372]]]}"
0000000000000000006f,180.30335571249822,N25E091,0.459449172019958,0.459449172019958,0.459449172019958,112,field,0.29011697603160874,57.91819674126302,1.216769163761616,small,2025/01/01 00:00:00,"{""type"":""Polygon"",""coordinates"":[[[91.80953299148221,25.06575749559955],[91.80953299148221,25.065935802421055],[91.80944382326116,25.065935797896106],[91.80944382326116,25.065757491068382],[91.80953299148221,25.06575749559955]]]}"
00000000000000000071,90.15801181224305,N25E091,0.471687227487564,0.471687227487564,0.471687227487564,114,field,-0.016948105733502992,38.02199284279193,1.12960805546738,small,2025/01/01 00:00:00,"{""type"":""Polygon"",""coordinates"":[[[91.7983049504889,25.05785144126966],[91.7983049504889,25.05794064246059],[91.79821580513625,25.057940630666092],[91.79821580513625,25.057851519939828],[91.7983049504889,25.05785144126966]]]}"
00000000000000000077,90.11531820298586,N25E091,0.43356266617775,0.43356266617775,0.43356266617775,120,field,0.11117878033403765,38.01339274185719,1.129620045166877,small,2025/01/01 00:00:00,"{""type"":""Polygon"",""coordinates"":[[[91.85606367035419,25.112827767006937],[91.85606367035419,25.11291695114705],[91.85597455640307,25.112916885007927],[91.85597455640307,25.1128277008646],[91.85606367035419,25.112827767006937]]]}"
00000000000000000078,90.11637185515028,N25E091,0.441337078809738,0.431784123182297,0.441337078809738,121,field,0.4571775794029236,38.01367389487511,1.129621796114708,small,2025/01/01 00:00:00,"{""type"":""Polygon"",""coordinates"":[[[91.73111080764288,25.12082291817726],[91.73111080764288,25.120912104423805],[91.73102157672415,25.120912055551972],[91.73102157672415,25.120822869302437],[91.73111080764288,25.12082291817726]]]}"
00000000000000000082,180.30921781095884,N25E091,0.422607094049454,0.422607094049454,0.422607094049454,131,field,0.27385346147052025,56.14540445597832,1.179506444270407,small,2025/01/01 00:00:00,"{""type"":""Polygon"",""coordinates"":[[[91.8637913633584,25.057762274919032],[91.8637913633584,25.057851473826435],[91.86361295538278,25.057851439496186],[91.86361295538278,25.057762331047815],[91.8637913633584,25.057762274919032]]]}"
00000000000000000085,180.2000359229608,N25E091,0.445626616477966,0.445626616477966,0.445626616477966,134,field,0.28105660666406684,56.12349748585817,1.179403354831062,small,2025/01/01 00:00:00,"{""type"":""Polygon"",""coordinates"":[[[91.90735675891759,25.130432229439187],[91.90735675891759,25.130525929045263],[91.90717839799667,25.130525951585067],[91.90717839799667,25.130432251972124],[91.90735675891759,25.130432229439187]]]}"
00000000000000000087,180.18737600078993,N25E091,0.444965422153473,0.444965422153473,0.444965422153473,136,field,0.2172021322083055,56.120645582228484,1.179384853166051,small,2025/01/01 00:00:00,"{""type"":""Polygon"",""coordinates"":[[[91.84681107831508,25.143457267557633],[91.84681107831508,25.143550965666325],[91.8466327392624,25.14355091626234],[91.8466327392624,25.14345730858919],[91.84681107831508,25.143457267557633]]]}"
00000000000000000088,180.38972883841603,N25E091,0.46322113275528,0.46322113275528,0.46322113275528,137,field,-0.05054544353563534,56.16089938071025,1.179568643697892,small,2025/01/01 00:00:00,"{""type"":""Polygon"",""coordinates"":[[[91.70676408807951,25.013831278450407],[91.70676408807951,25.013924837767394],[91.70658572629543,25.013924883526865],[91.70658572629543,25.01383123372082],[91.70676408807951,25.013831278450407]]]}"
0000000000000000008a,180.32264219578877,N25E091,0.403167933225632,0.403167933225632,0.403167933225632,139,field,0.08384831752954869,56.147815593551705,1.179513189860799,small,2025/01/01 00:00:00,"{""type"":""Polygon"",""coordinates"":[[[91.80171617919035,25.053000020552997],[91.80171617919035,25.05308913247109],[91.801537800413,25.053089204103436],[91.801537800413,25.053000001710206],[91.80171617919035,25.053000020552997]]]}"
00000000000000000095,270.3429958975097,N25E091,0.428393721580505,0.428393721580505,0.428393721580505,150,field,0.42809092998504644,76.02630191782856,1.304371715548014,small,2025/01/01 00:00:00,"{""type"":""Polygon"",""coordinates"":[[[91.93601536689268,25.10869419605233],[91.93601536689268,25.10860501366606],[91.9361045682172,25.10860494045162],[91.9361045682172,25.10878330519305],[91.93592624033093,25.108783360162036],[91.93592624033093,25.108694177796956],[91.93601536689268,25.10869419605233]]]}"
00000000000000000098,5051.277310221999,N25E091,0.486859560012817,0.486859560012817,0.486859560012817,153,field,-0.037845548334600465,512.5325170667074,2.034304155208829,very_large,2025/01/01 00:00:00,"{""type"":""Polygon"",""coordinates"":[[[91.69364984655904,25.006197244483378],[91.69373907497345,25.006197229070217],[91.69373907497345,25.006286447676604],[91.69364984655904,25.006286463092668],[91.69364984655904,25.006375591192754],[91.69356069249939,25.006375605716194],[91.69356069249939,25.006286477613205],[91.69347153862282,25.00628640159305],[91.69347153862282,25.006197273463357],[91.69338231075831,25.006197288710435],[91.69338231075831,25.0061080700686],[91.69319947950576,25.006108059461617],[91.69319947950576,25.00601893127547],[91.69311032637104,25.00601885502249],[91.69311032637104,25.00592972680963],[91.693021099249,25.00592974182377],[91.693021099249,25.005836089307476],[91.69311032637104,25.005836074296383],[91.69311032637104,25.005746855549205],[91.69329315724809,25.00574686629373],[91.69329315724809,25.00565773801426],[91.69356069249939,25.005657694005823],[91.69356069249939,25.005568565711272],[91.69364984655904,25.005568551214093],[91.69364984655904,25.005479332413046],[91.69392190849862,25.00547932698595],[91.69392190849862,25.005746892805444],[91.69401106330011,25.005746878078416],[91.69401106330011,25.006018877462132],[91.69392190849862,25.00601889219801],[91.69392190849862,25.00610811084606],[91.69373907497345,25.006108100925445],[91.69373907497346,25.00601888227142],[91.69364984655904,25.006018897678764],[91.69364984655904,25.006197244483378]],[[91.69364984655904,25.006018897678764],[91.69356069249939,25.0060189121906],[91.69356069249939,25.005929693506943],[91.69347153862282,25.005929707960572],[91.69347153862282,25.005836055459692],[91.69364984655904,25.005836026503218],[91.69364984655904,25.006018897678764]]]}"
0000000000000000009a,20113.79363142752,N25E091,0.507666349411011,0.507666349411011,0.507666349411011,155,field,0.10970129686059547,1474.3296734802632,2.932531457935706,very_large,2025/01/01 00:00:00,"{""type"":""Polygon"",""coordinates"":[[[91.71907118628741,25.009969680651302],[91.71907118628741,25.010058806933518],[91.71916039270381,25.010058866940206],[91.71916039270381,25.010147993195645],[91.71934318479249,25.01014806267885],[91.71934318479249,25.01005884594596],[91.71925405221643,25.010058875682834],[91.71925405221643,25.009791315815765],[91.71943239176676,25.009791255450793],[91.71943239176676,25.009880472252288],[91.71961073204831,25.009880502143577],[91.71961073204831,25.00979128534799],[91.71979360024574,25.009791262945058],[91.71979360024574,25.009880479734587],[91.72006115027209,25.00988047814707],[91.72006115027209,25.010058821153365],[91.7199719420083,25.010058852189598],[91.7199719420083,25.010147978418196],[91.71988273392746,25.010148009401973],[91.71988273392746,25.010241659782054],[91.72015028450207,25.010241657992644],[91.72015028450207,25.010330874649927],[91.72032870194413,25.010330812282582],[91.72032870194413,25.010420028910108],[91.72042228975522,25.010420037732473],[91.72042228975522,25.01050916384968],[91.7205114989426,25.01050922300224],[91.7205114989426,25.010598349092675],[91.72042228975522,25.010598380426412],[91.72042228975522,25.010870373209823],[91.72032870194413,25.01087036440312],[91.72032870194413,25.01104879734569],[91.72042228975522,25.011048715662984],[91.72042228975522,25.0114991407746],[91.7205114989426,25.01149910941111],[91.7205114989426,25.011588325720087],[91.72042228975522,25.011588266603454],[91.72042228975522,25.011677482891532],[91.72023949313161,25.01167750536875],[91.72023949313161,25.011588289074627],[91.72006115027209,25.011588350560288],[91.72006115027209,25.011499134236406],[91.7199719420083,25.0114991653202],[91.7199719420083,25.01158829116395],[91.71943239176676,25.01158834506412],[91.71943239176676,25.01149912871941],[91.71934318479249,25.011499159412704],[91.71934318479249,25.011405509366934],[91.71952159892398,25.011405447931114],[91.71952159892398,25.0113163220236],[91.71934318479249,25.011316292970363],[91.71934318479249,25.01104873412069],[91.71961073204831,25.01104873325612],[91.71961073204831,25.011137949715412],[91.7199719420083,25.011137956580626],[91.7199719420083,25.011048740133305],[91.71979360024574,25.011048801251153],[91.71979360024574,25.010959584774078],[91.71952159892398,25.01095954670557],[91.71952159892398,25.010870420678906],[91.71934318479249,25.010870391596104],[91.71934318479249,25.01077674137377],[91.71898205426874,25.010776732025654],[91.71898205426874,25.01068760593229],[91.71880364235044,25.01068757616721],[91.71880364235044,25.01050923341382],[91.7188928482181,25.010509203088265],[91.7188928482181,25.010419986437043],[91.71898205426874,25.010420046542464],[91.71898205426874,25.010330829870348],[91.71880364235044,25.01033080008162],[91.71880364235044,25.009969680403795],[91.71907118628741,25.009969680651302]],[[91.71943239176676,25.010148032030155],[91.71961073204831,25.01014806190371],[91.71961073204831,25.01033083848494],[91.7196999395713,25.010330807664054],[91.7196999395713,25.01042002431241],[91.71988273392746,25.01042000260708],[91.71988273392746,25.010509219225526],[91.72006115027209,25.010509247662096],[91.72006115027209,25.01059837376742],[91.72023949313161,25.01059840283046],[91.72023949313161,25.010687528906065],[91.71988273392746,25.01068756190751],[91.71988273392746,25.01087042865796],[91.71979360024574,25.010870368273128],[91.71979360024574,25.010509249312054],[91.71961073204831,25.010509181280298],[91.71961073204831,25.010420055136237],[91.71952159892398,25.01041999456763],[91.71952159892398,25.010330868396803],[91.71943239176676,25.0103308086235],[91.71943239176676,25.010148032030155]]]}"
0000000000000000009e,12443.322843911816,N25E091,0.497097313404083,0.497097313404083,0.497097313404083,159,field,-0.05600880833670004,854.2499728928899,2.160289014266065,very_large,2025/01/01 00:00:00,"{""type"":""Polygon"",""coordinates"":[[[91.72383352104842,25.048237693762967],[91.72383352104842,25.04814848742096],[91.72410109592164,25.04814847449982],[91.72410109592164,25.04823768083295],[91.72446226894256,25.04823767227597],[91.72446226894256,25.048326878573004],[91.72455141219012,25.048326844338423],[91.72455141219012,25.047069359068235],[91.7248234449614,25.047069383952007],[91.7248234449614,25.049227615992773],[91.72473422693196,25.049227560810813],[91.72473422693196,25.049495088326836],[91.72446226894256,25.049495153135066],[91.72446226894256,25.049405947153957],[91.72437305165364,25.049405982225938],[91.72437305165364,25.048687990790107],[91.72428390877147,25.048688024925806],[91.72428390877147,25.048416063538973],[91.72419469184827,25.0484160079944],[91.72419469184827,25.048598853654855],[91.72410109592164,25.048598848620813],[91.72410109592164,25.04868805483218],[91.72374437927161,25.048688011134647],[91.72374437927161,25.048237637075605],[91.72383352104842,25.048237693762967]]]}"
0000000000000000009f,5319.919677697889,N25E091,0.497768521308899,0.495652049779892,0.497768521308899,160,field,-0.10309707644945422,550.4625888174533,2.128973906888397,very_large,2025/01/01 00:00:00,"{""type"":""Polygon"",""coordinates"":[[[91.96206546896272,25.03215809869946],[91.96206546896272,25.03189058241421],[91.96224382757335,25.031890591974335],[91.96224382757335,25.032068996487542],[91.96233748478822,25.032068942360592],[91.96233748478822,25.031979740119503],[91.96287256605959,25.03197976709248],[91.96287256605959,25.03251932255282],[91.96260502461611,25.032519309378074],[91.96260502461611,25.032608511463867],[91.96242666455133,25.03260850240903],[91.96242666455133,25.032430188668627],[91.96233748478822,25.03243018405095],[91.96233748478822,25.03215814457767],[91.96224382757335,25.032158108239383],[91.96224382757335,25.032430147723467],[91.96197628992667,25.032430133360908],[91.96197628992667,25.032336498235463],[91.9616150980099,25.03233653708645],[91.9616150980099,25.032158132669704],[91.96206546896272,25.03215809869946]],[[91.96260502461611,25.032247360477477],[91.96269420491775,25.03224736493502],[91.96269420491775,25.032430111718902],[91.96260502461611,25.03243010726826],[91.96260502461611,25.032247360477477]]]}"
000000000000000000a3,5592.233016197376,N25E091,0.507666349411011,0.507666349411011,0.507666349411011,164,field,0.314520985459754,733.6370846594759,2.767475053542845,very_large,2025/01/01 00:00:00,"{""type"":""Polygon"",""coordinates"":[[[91.71880364235044,25.00961290355048],[91.71880364235044,25.00970212042049],[91.71898205426874,25.009702150250874],[91.71898205426874,25.009519282798927],[91.7188928482181,25.00951931314721],[91.7188928482181,25.009430096231288],[91.71880364235044,25.009430126521224],[91.71880364235044,25.009340909578498],[91.7188928482181,25.0093408792915],[91.7188928482181,25.009251752811615],[91.71880364235044,25.009251783095667],[91.71880364235044,25.009162566105264],[91.7188928482181,25.009162535824153],[91.7188928482181,25.009073409296633],[91.71907118628741,25.009073349427474],[91.71907118628741,25.009162566432877],[91.71934318479249,25.009162515052118],[91.71934318479249,25.009251732024676],[91.71943239176676,25.009251701405567],[91.71943239176676,25.009162574919706],[91.71961073204831,25.009162514374825],[91.71961073204831,25.009251731338523],[91.71979360024574,25.009251708972176],[91.71979360024574,25.00934092590598],[91.7199719420083,25.009340955384562],[91.7199719420083,25.00943008180494],[91.72015028450207,25.00943011105619],[91.72015028450207,25.00951932793048],[91.72032870194413,25.009519265616742],[91.72032870194413,25.009612916157806],[91.72042228975522,25.00961292500823],[91.72042228975522,25.009702141824633],[91.72006115027209,25.009702135045455],[91.72006115027209,25.009612918217094],[91.71979360024574,25.009612919778032],[91.71979360024574,25.009519269218373],[91.71961073204831,25.00951929160286],[91.71961073204831,25.009430074710696],[91.71943239176676,25.00943013527324],[91.71943239176676,25.00934091835133],[91.71916039270381,25.009340879435268],[91.71916039270381,25.009430096366188],[91.71925405221643,25.00943010513069],[91.71925405221643,25.009519322034656],[91.71916039270381,25.009519313273266],[91.71916039270381,25.00961296385492],[91.71907118628741,25.009612903833403],[91.71907118628741,25.00970212069454],[91.71916039270381,25.00970209022948],[91.71916039270381,25.009880433390745],[91.7188928482181,25.00988043330054],[91.7188928482181,25.00979130696477],[91.71871451088005,25.0097912761763],[91.71871451088005,25.009612932937873],[91.71880364235044,25.00961290355048]]]}"
000000000000000000a5,7300.565769437709,N25E091,0.422047674655914,0.422047674655914,0.422047674655914,166,field,0.2932907175376316,552.1276222819321,1.822872461477731,very_large,2025/01/01 00:00:00,"{""type"":""Polygon"",""coordinates"":[[[91.83612258392459,25.092975811231465],[91.83612258392459,25.092886620908065],[91.83639017756629,25.092886672947714],[91.83639017756629,25.092792959772087],[91.83657293990122,25.09279297058259],[91.83657293990122,25.092703780225044],[91.83666216332088,25.09270385735173],[91.83666216332088,25.09279295724936],[91.83675131250685,25.092793035233687],[91.83675131250685,25.093154228769446],[91.83684053628916,25.09315421531213],[91.83684053628916,25.093693698205442],[91.83675131250685,25.09369371168181],[91.83675131250685,25.093782901761987],[91.83657293990122,25.0937829276375],[91.83657293990122,25.09387211769955],[91.83648379107761,25.093872130098795],[91.83648379107761,25.093961320139567],[91.83639017756629,25.093961297011298],[91.83639017756629,25.093872106967208],[91.83630095469964,25.093872120168772],[91.83630095469964,25.093782930097113],[91.83621180642858,25.093782942323575],[91.83621180642858,25.093604562100687],[91.83612258392459,25.093604575181477],[91.83612258392459,25.09342176248214],[91.83603343601591,25.09342177458463],[91.83603343601591,25.093332584380196],[91.83612258392459,25.093332572280847],[91.83612258392459,25.09324338205514],[91.83630095469964,25.093243356779663],[91.83630095469964,25.09333254699908],[91.83639017756629,25.093332533816568],[91.83639017756629,25.093243343600296],[91.83648379107761,25.09324336675524],[91.83648379107761,25.093154176517864],[91.83603343601591,25.093154203898056],[91.83603343601591,25.092975823318227],[91.83612258392459,25.092975811231465]]]}"
000000000000000000a7,13975.99907000151,N25E091,0.494010329246521,0.488135695457458,0.494010329246521,168,field,-0.11460713744294732,811.3206764484935,1.935959111489181,very_large,2025/01/01 00:00:00,"{""type"":""Polygon"",""coordinates"":[[[91.96098637736941,25.032336468327976],[91.96098637736941,25.032247356576637],[91.96125838656917,25.032247314030815],[91.96125838656917,25.03215811179697],[91.96152591988044,25.03215812753503],[91.96152591988044,25.03233653195852],[91.96143674193051,25.032336526774905],[91.96143674193051,25.032430161921727],[91.96152591988044,25.032430167101804],[91.96152591988044,25.032697683012795],[91.96143674193051,25.03269767784283],[91.96143674193051,25.032786879924757],[91.9611692091578,25.032786864090895],[91.9611692091578,25.03287606615893],[91.96152591988044,25.032876087145926],[91.96152591988044,25.032965198707913],[91.96188711107013,25.032965250454957],[91.96188711107013,25.032876048438023],[91.96197628992667,25.032876053320063],[91.96197628992667,25.03278685128249],[91.96224382757335,25.032786865604628],[91.96224382757335,25.032876067632092],[91.96233748478822,25.032876013473253],[91.96233748478822,25.032965215473194],[91.96224382757335,25.032965269635543],[91.96224382757335,25.033058904572776],[91.96206546896272,25.03305889510092],[91.96206546896272,25.033148097061915],[91.96179793239311,25.033148082446626],[91.96179793239311,25.033237284393728],[91.9617087538956,25.033237279413967],[91.9617087538956,25.03332639087195],[91.96143674193051,25.033326434399548],[91.96143674193051,25.033415636312284],[91.96134756416008,25.033415631113748],[91.96134756416008,25.033504833005843],[91.9611692091578,25.033504822448478],[91.9611692091578,25.033593933854878],[91.96098637736941,25.033593981858715],[91.96098637736941,25.033415578071228],[91.9608080238213,25.033415567056092],[91.9608080238213,25.033326455588114],[91.96071877269192,25.03332645097314],[91.96071877269192,25.0329652100119],[91.96062959636683,25.03296520434809],[91.96062959636683,25.032876092752304],[91.96054042022125,25.03287608702946],[91.96054042022125,25.03233653161702],[91.96098637736941,25.032336468327976]]]}"
000000000000000000b1,5228.482601913961,N25E091,0.491012692451477,0.475753992795944,0.491012692451477,178,field,0.12891682040634697,380.1955311628275,1.483249607962259,very_large,2025/01/01 00:00:00,"{""type"":""Polygon"",""coordinates"":[[[91.96503079278278,25.06216340003455],[91.96503079278278,25.062074296486966],[91.96511997796696,25.062074207841192],[91.96511997796696,25.06216340184587],[91.96574868263396,25.062163445432283],[91.96574868263396,25.062252639388966],[91.96583786926294,25.062252640748227],[91.96583786926294,25.06243093812189],[91.96574868263396,25.06243093676937],[91.96574868263396,25.062609324513343],[91.96565949618444,25.062609323111833],[91.96565949618444,25.06270294950411],[91.96557030991444,25.062702948050404],[91.96557030991444,25.062792141867416],[91.96548112382393,25.062792140361335],[91.96548112382393,25.06270294654094],[91.96539193791291,25.062702944975754],[91.96539193791291,25.062609318572846],[91.96520908869843,25.06260937422753],[91.96520908869843,25.062792194468347],[91.96494160777812,25.06279218812308],[91.96494160777812,25.062163398167495],[91.96503079278278,25.06216340003455]]]}"
000000000000000000b6,5771.392421090825,N25E091,0.483695656061172,0.483695656061172,0.483695656061172,183,field,0.4471359451803352,380.25958958852675,1.412000793307666,very_large,2025/01/01 00:00:00,"{""type"":""Polygon"",""coordinates"":[[[91.89478210613765,25.022816368251554],[91.89478210613765,25.022727161016313],[91.89532166055312,25.02272710421168],[91.89532166055312,25.023623427550167],[91.89523246708058,25.023623382661924],[91.89523246708058,25.02353426613334],[91.89514327378849,25.023534221186218],[91.89514327378849,25.02344510463047],[91.89505408067693,25.02344505962448],[91.89505408067693,25.023355852567878],[91.89496041692696,25.02335586419795],[91.89496041692696,25.023266657113982],[91.89451452953686,25.023266701401813],[91.89451452953686,25.023083853913665],[91.8944253376976,25.023083898976264],[91.8944253376976,25.02281636784892],[91.89478210613765,25.022816368251554]]]}"
000000000000000000b9,24709.387071847832,N25E091,0.476770997047424,0.473629385232925,0.476770997047424,186,field,0.27997980102143943,1725.7846920669456,3.097067665861002,very_large,2025/01/01 00:00:00,"{""type"":""Polygon"",""coordinates"":[[[91.95541693650807,25.015182378446603],[91.95541693650807,25.015088738202444],[91.95568891150484,25.01508870822945],[91.95568891150484,25.014821177485224],[91.9558673190561,25.014821195316205],[91.9558673190561,25.01518236626662],[91.95568891150484,25.015182348462872],[91.95568891150484,25.015271555462686],[91.95514936548024,25.015271557346267],[91.95514936548024,25.015360673868905],[91.95523860538678,25.015360682640612],[91.95523860538678,25.015449889609638],[91.95532777085765,25.0154498992984],[91.95532777085765,25.015539106240187],[91.95541693650807,25.015539115869963],[91.95541693650807,25.015449908931537],[91.95551057928822,25.015449859934566],[91.95551057928822,25.01536074344937],[91.9558673190561,25.01536068975535],[91.9558673190561,25.01544989670071],[91.95604565270942,25.01544991523811],[91.95604565270942,25.01536070829948],[91.95613929681913,25.015360749367673],[91.95613929681913,25.015628279627816],[91.95595648579298,25.01562822933605],[91.95595648579298,25.015539112915338],[91.9558673190561,25.01553910362218],[91.9558673190561,25.01562822004625],[91.95577815249875,25.015628210700818],[91.95577815249875,25.015717417577907],[91.95631770618493,25.015717413219],[91.95631770618493,25.015449883050593],[91.95640687382873,25.015449892066112],[91.95640687382873,25.01536068514108],[91.95649604165206,25.01536069410433],[91.95649604165206,25.015271487158774],[91.95640687382873,25.01527156866575],[91.95640687382873,25.015182361692972],[91.95658520965493,25.015182379577283],[91.95658520965493,25.01508873937931],[91.95667437783734,25.015088748241546],[91.95667437783734,25.01518238843599],[91.95676802327661,25.01518233862569],[91.95676802327661,25.015271545584874],[91.95667437783734,25.0152715049251],[91.95667437783734,25.015360711863934],[91.95658520965493,25.015360703011954],[91.95658520965493,25.015449909930265],[91.95667437783734,25.015449918778888],[91.95667437783734,25.015717448906972],[91.95676802327661,25.015717399075594],[91.95676802327661,25.015539075845602],[91.95703560408519,25.01553910089527],[91.95703560408519,25.015449894017813],[91.95694643517544,25.015449885394556],[91.95694643517544,25.015182355082366],[91.95703560408519,25.015182363715702],[91.95703560408519,25.015088723535538],[91.95712477317448,25.015088732116762],[91.95712477317448,25.015182372293406],[91.95721394244333,25.01518238081547],[91.95721394244333,25.01508874064236],[91.95748592847696,25.015088707249657],[91.95748592847696,25.01527155434413],[91.95739675866048,25.015271545995134],[91.95739675866048,25.015360752906737],[91.9573031118917,25.01536071266249],[91.9573031118917,25.01571744961079],[91.95721394244333,25.01571744116453],[91.95721394244333,25.015900287934972],[91.95712477317448,25.01590027943996],[91.95712477317448,25.016528978454325],[91.95703560408519,25.01652896992738],[91.95703560408519,25.016796499148054],[91.95712477317448,25.016796507664917],[91.95712477317448,25.016974920667998],[91.95703560408519,25.01697491215786],[91.95703560408519,25.016885705664905],[91.95694643517544,25.016885697095763],[91.95694643517544,25.016796581048713],[91.95685719182713,25.016796573397567],[91.95685719182713,25.016707366850124],[91.95658520965493,25.016707399232086],[91.95658520965493,25.016618192650515],[91.95649604165206,25.016618183790275],[91.95649604165206,25.016528977181448],[91.95640687382873,25.016528968262218],[91.95640687382873,25.01643985209941],[91.95622846410366,25.016439835063974],[91.95622846410366,25.016346195205337],[91.95613929681913,25.016346186112276],[91.95613929681913,25.01625697941716],[91.95595648579298,25.016257019647355],[91.95595648579298,25.01616781292148],[91.95577815249875,25.0161677943269],[91.95577815249875,25.016078587570416],[91.95568891150484,25.01607866963607],[91.95568891150484,25.015989462852357],[91.95551057928822,25.01598944391046],[91.95551057928822,25.015900237096137],[91.95541693650807,25.015900286110835],[91.95541693650807,25.015717439201655],[91.95514936548024,25.015717411141654],[91.95514936548024,25.01562829471443],[91.95497103543656,25.015628275072107],[91.95497103543656,25.015539068140768],[91.95469899023465,25.01553909777518],[91.95469899023465,25.01518236024373],[91.95541693650807,25.015182378446603]]]}"
000000000000000000ba,5409.996996665578,N25E091,0.463467210531235,0.463467210531235,0.463467210531235,187,field,0.2741873115562785,544.7388859046977,2.089223654077279,very_large,2025/01/01 00:00:00,"{""type"":""Polygon"",""coordinates"":[[[91.71529878325272,25.05138128546089],[91.71529878325272,25.051564130080767],[91.71538798193122,25.05156419105196],[91.71538798193122,25.051742511950707],[91.7154816333197,25.051742521706444],[91.7154816333197,25.051831727352678],[91.71557083237329,25.051831697729057],[91.71557083237329,25.052010018471005],[91.71565995740077,25.05201008011092],[91.71565995740077,25.05219292435753],[91.71574915682018,25.052192894611157],[91.71574915682018,25.052638831475118],[91.71583835642257,25.052638801658617],[91.71583835642257,25.05282164554429],[91.71574915682018,25.052821584894865],[91.71574915682018,25.053267520907994],[91.7154816333197,25.05326751876245],[91.7154816333197,25.05209925367432],[91.71538798193122,25.052099243930954],[91.71538798193122,25.052010038354044],[91.71520965896552,25.05201009647779],[91.71520965896552,25.05138131404814],[91.71529878325272,25.05138128546089]]]}"
000000000000000000bd,8385.283357345412,N25E091,0.518862724304199,0.518862724304199,0.518862724304199,190,field,-0.08225222329534126,751.2017705621492,2.314156892410579,very_large,2025/01/01 00:00:00,"{""type"":""Polygon"",""coordinates"":[[[91.74907652184955,25.0529107794004],[91.74925483504951,25.052910771305605],[91.74925483504951,25.052821657548375],[91.74907652184955,25.052821575166348],[91.74907652184955,25.05272793783585],[91.74898732839013,25.052727987464333],[91.74898732839013,25.0520101003559],[91.74934402905627,25.052010083417485],[91.74934402905627,25.0520992878622],[91.74943767924643,25.05209927629544],[91.74943767924643,25.05282159615807],[91.74952687362727,25.05282163671712],[91.74952687362727,25.052999954659953],[91.74943767924643,25.05300000457771],[91.74943767924643,25.05308911828055],[91.74952687362727,25.05308915883055],[91.74952687362727,25.053178362977],[91.74961606819062,25.05317831299778],[91.74961606819062,25.053356721212243],[91.74952687362727,25.05335668072678],[91.74952687362727,25.053450317862666],[91.74961606819062,25.053450358344975],[91.74961606819062,25.053628675941525],[91.74943767924643,25.05362868540407],[91.74943767924643,25.053717889407434],[91.74907652184955,25.053717868537937],[91.74907652184955,25.053628754993017],[91.74898732839013,25.053628714181066],[91.74898732839013,25.05299994277711],[91.74907652184955,25.05299998361031],[91.74907652184955,25.0529107794004]],[[91.74907652184955,25.05299998361031],[91.74925483504951,25.05299997550951],[91.74925483504951,25.05308917968926],[91.74916564122526,25.05308913897002],[91.74916564122526,25.053539502112223],[91.74907652184955,25.053539550953356],[91.74907652184955,25.05299998361031]]]}"
000000000000000000bf,7753.289031854369,N25E091,0.473379492759705,0.467820346355438,0.473379492759705,192,field,0.3158000022200248,939.5025261356897,3.009885904049358,very_large,2025/01/01 00:00:00,"{""type"":""Polygon"",""coordinates"":[[[91.81294420268739,25.06045560347752],[91.81294420268739,25.060544803453507],[91.81303784052588,25.06054475178593],[91.81303784052588,25.060816784413387],[91.81330536768516,25.060816791640235],[91.81330536768516,25.06099519134683],[91.8131270160641,25.060995186596926],[91.8131270160641,25.061084295953798],[91.81321619178387,25.061084298353418],[91.81321619178387,25.061173498149344],[91.81348372003238,25.061173505005538],[91.81348372003238,25.061084305218948],[91.81366661003659,25.06108434486051],[91.81366661003659,25.061262653930424],[91.81375578685481,25.061262655987676],[91.81375578685481,25.06144548826558],[91.81366661003659,25.061445486214716],[91.81366661003659,25.061351853662234],[91.81348372003238,25.061351904506104],[91.81348372003238,25.061534736753828],[91.81357289647829,25.061534738915515],[91.81357289647829,25.06171304774765],[91.81366661003659,25.061713085188682],[91.81366661003659,25.061980593478705],[91.81375578685481,25.0619805955109],[91.81375578685481,25.06216342738944],[91.81384496385456,25.062163429359696],[91.81384496385456,25.06225262884082],[91.81375578685481,25.06225262687368],[91.81375578685481,25.062430935303567],[91.81384496385456,25.062430937264484],[91.81384496385456,25.0626093360573],[91.81393414103584,25.062609337956427],[91.81393414103584,25.062702970140855],[91.81411249594302,25.062702973765898],[91.81411249594302,25.062881372392344],[91.81384496385456,25.06288136689011],[91.81384496385456,25.06270296824499],[91.81375578685481,25.062702966293575],[91.81375578685481,25.062520134715196],[91.81366661003659,25.062520132701838],[91.81366661003659,25.06234182431412],[91.81357289647829,25.062341786896223],[91.81357289647829,25.062163478405193],[91.81348372003238,25.06216347626545],[91.81348372003238,25.06198064436747],[91.81339454376801,25.061980642165793],[91.81339454376801,25.06180224300025],[91.81330536768516,25.06180224073679],[91.81330536768516,25.0617130411146],[91.81321619178387,25.061713038792472],[91.81321619178387,25.06153472993545],[91.8131270160641,25.061534727551546],[91.8131270160641,25.061351895278293],[91.81303784052588,25.061351892832466],[91.81303784052588,25.061084293498627],[91.81294420268739,25.061084345185883],[91.81294420268739,25.06081674562447],[91.81285502752131,25.06081674304608],[91.81285502752131,25.060455600886534],[91.81294420268739,25.06045560347752]]]}"
000000000000000000c0,8656.016649169753,N25E091,0.459220618009567,0.446362167596817,0.459220618009567,193,field,0.2893927059369329,659.2211452421918,1.998789944023475,very_large,2025/01/01 00:00:00,"{""type"":""Polygon"",""coordinates"":[[[91.96700611872689,25.033776834026543],[91.96700611872689,25.0336876324216],[91.96718449722553,25.033687635675516],[91.96718449722553,25.03359400111205],[91.96754565990713,25.033593948966132],[91.96754565990713,25.033504747332408],[91.96763485015248,25.033504748657172],[91.96763485015248,25.033237234090365],[91.96808520765556,25.033237272382085],[91.96808520765556,25.033326383599125],[91.96817439898668,25.033326384593693],[91.96817439898668,25.033687624019517],[91.96808520765556,25.033687623038645],[91.96808520765556,25.03377682460271],[91.9679960911408,25.033776822586223],[91.9679960911408,25.034222739595304],[91.96691692974679,25.034222749532805],[91.96691692974679,25.034044346532216],[91.96754565990713,25.034044299241206],[91.96754565990713,25.03395518819678],[91.96745654447722,25.033955185850353],[91.96745654447722,25.033865984310484],[91.96736735459069,25.03386598288803],[91.96736735459069,25.03395518443128],[91.96718449722553,25.033955149929934],[91.96718449722553,25.033776837273695],[91.96709530788647,25.033776835677973],[91.96709530788647,25.0338659467874],[91.96700611872689,25.033865945139347],[91.96700611872689,25.03395514669629],[91.96691692974679,25.03395514499591],[91.96691692974679,25.03377683231941],[91.96700611872689,25.033776834026543]]]}"
000000000000000000c3,7752.030206161399,N25E091,0.483070909976959,0.478719025850296,0.485422730445862,196,field,0.22825067705761498,593.7267450157337,1.902277856125351,very_large,2025/01/01 00:00:00,"{""type"":""Polygon"",""coordinates"":[[[91.79138888141415,25.083272787777148],[91.79138888141415,25.08318359323967],[91.7914780871938,25.083183607519814],[91.7914780871938,25.083000785786478],[91.7918348377931,25.083000843269204],[91.7918348377931,25.083094470430858],[91.7919239701434,25.08309448532908],[91.7919239701434,25.083183679872448],[91.79210684442495,25.083183654126596],[91.79210684442495,25.08345114713075],[91.7921959773296,25.083451161847265],[91.7921959773296,25.08354035628385],[91.79210684442495,25.08354034157041],[91.79210684442495,25.083633968567586],[91.79201763736282,25.083634045155748],[91.79201763736282,25.083723149087707],[91.79210684442495,25.083723162957323],[91.79210684442495,25.084079940272673],[91.79201763736282,25.084079926415377],[91.79201763736282,25.084169120686393],[91.7919239701434,25.084169069895335],[91.7919239701434,25.084079875621082],[91.7918348377931,25.084079951217586],[91.7918348377931,25.083633979465624],[91.79174563128579,25.083633965423388],[91.79174563128579,25.083723159825578],[91.79165642496042,25.083723145730815],[91.79165642496042,25.083901534468282],[91.79174563128579,25.083901548556884],[91.79174563128579,25.084079937190747],[91.7914780871938,25.084079893883835],[91.7914780871938,25.08399069956985],[91.79138888141415,25.083990775778343],[91.79138888141415,25.083901581436937],[91.7914780871938,25.083901595692307],[91.7914780871938,25.083812401329624],[91.79138888141415,25.083812387071184],[91.79138888141415,25.083723192681063],[91.79129528987927,25.083723231030486],[91.79129528987927,25.083272826110335],[91.79138888141415,25.083272787777148]]]}"
00000000000000000002,3877.0016896971656,N25E092,0.443925410509109,0.443925410509109,0.443925410509109,3,field,0.22562369428478277,327.61068552102853,1.484243416817939,large,2025/01/01 00:00:00,"{""type"":""Polygon"",""coordinates"":[[[92.35247314947459,25.018682725203476],[92.35247314947459,25.01841515623993],[92.35256227835143,25.018415200300442],[92.35256227835143,25.018326010602202],[92.35265148268033,25.0183260534255],[92.35265148268033,25.01841515266362],[92.35274068718361,25.018415195426744],[92.35274068718361,25.018504385093024],[92.35265148268033,25.018504342333944],[92.35265148268033,25.018593531980397],[92.35274068718361,25.01859357473541],[92.35274068718361,25.018682764353915],[92.35282989186123,25.018682716592767],[92.35282989186123,25.019222286114175],[92.35274068718361,25.01922233389968],[92.35274068718361,25.019311432893964],[92.35238394549428,25.019311441394105],[92.35238394549428,25.01868277274019],[92.35247314947459,25.018682725203476]]]}"
00000000000000000003,1712.713074762874,N25E092,0.464814007282257,0.464814007282257,0.464814007282257,4,field,0.30952204255303223,191.86809176947574,1.307842715339927,large,2025/01/01 00:00:00,"{""type"":""Polygon"",""coordinates"":[[[92.0101256121775,25.064227989914954],[92.0101256121775,25.064138798192126],[92.01021481330451,25.064138772722714],[92.01021481330451,25.0642279644421],[92.01030401461048,25.064228029371556],[92.01030401461048,25.06467832957162],[92.01003648593702,25.064678405036183],[92.01003648593702,25.064500021803994],[92.00994728516775,25.06450004717577],[92.00994728516775,25.064228039687116],[92.0101256121775,25.064227989914954]]]}"
0000000000000000000a,2343.9374788358646,N25E092,0.415068656206131,0.408241391181946,0.415068656206131,11,field,-0.02804193292962413,332.9074868574201,1.939749365926362,large,2025/01/01 00:00:00,"{""type"":""Polygon"",""coordinates"":[[[92.29695730963233,25.03674211388656],[92.29695730963233,25.03647011978726],[92.29704648029296,25.03647010513997],[92.29704648029296,25.03655929245092],[92.29713565112858,25.036559277743635],[92.29713565112858,25.036742084511896],[92.29704648029296,25.036742099227247],[92.29704648029296,25.03763840273832],[92.29695730963233,25.03763841743721],[92.29695730963233,25.03772760443752],[92.29686813914667,25.037727528630967],[92.29686813914667,25.03674212848982],[92.29695730963233,25.03674211388656]]]}"
0000000000000000000c,1802.8111997784151,N25E092,0.488183170557022,0.488183170557022,0.488183170557022,13,field,0.12951692464063147,190.091923316297,1.262942589899758,large,2025/01/01 00:00:00,"{""type"":""Polygon"",""coordinates"":[[[92.00293759077526,25.067822002087336],[92.00293759077526,25.067732811063227],[92.00303118453225,25.06773282125726],[92.00303118453225,25.067822012277755],[92.00312037142423,25.067821991104896],[92.00312037142423,25.06817875493074],[92.00275921790391,25.06817871757271],[92.00275921790391,25.068089617096035],[92.00267003173674,25.068089547595903],[92.00267003173674,25.067822065095505],[92.00293759077526,25.067822002087336]]]}"
0000000000000000000f,2524.8782023173603,N25E092,0.453299403190613,0.450309067964554,0.453299403190613,16,field,0.4158752821527867,398.38040336914094,2.236520166331316,large,2025/01/01 00:00:00,"{""type"":""Polygon"",""coordinates"":[[[92.32112121015945,25.004489408803643],[92.32112121015945,25.004400213969],[92.32121035297835,25.004400277185972],[92.32121035297835,25.00431108233154],[92.32129957119803,25.004311053867063],[92.32129957119803,25.004221858992825],[92.32148237130045,25.004221915068854],[92.32148237130045,25.004132720179015],[92.32166073375393,25.004132664036252],[92.32166073375393,25.00404346913057],[92.32174995285618,25.004043530856308],[92.32174995285618,25.003949903322372],[92.32183909690616,25.00394987570323],[92.32183909690616,25.003860680756784],[92.32202189917483,25.00386064570966],[92.32202189917483,25.003949840647945],[92.32192831635794,25.00394984685965],[92.32192831635794,25.00404347438524],[92.32183909690616,25.004043503233],[92.32183909690616,25.004132698130682],[92.32174995285618,25.004132725757977],[92.32174995285618,25.00422183017453],[92.32166073375393,25.00422185891814],[92.32166073375393,25.004311053776227],[92.32148237130045,25.004311019473597],[92.32148237130045,25.00448940913439],[92.32138871436615,25.00448941618386],[92.32138871436615,25.00457861098275],[92.32129957119803,25.004578638347056],[92.32129957119803,25.004672265726096],[92.32121035297835,25.004672203745464],[92.32121035297835,25.00476139850357],[92.32112121015945,25.004761425764006],[92.32112121015945,25.004672231001916],[92.3210319922893,25.00467225937039],[92.3210319922893,25.00448943716396],[92.32112121015945,25.004489408803643]]]}"
00000000000000000010,1803.5180874222951,N25E092,0.492589503526688,0.492589503526688,0.492589503526688,17,field,0.1345512731467654,204.7236784524522,1.359887222582406,large,2025/01/01 00:00:00,"{""type"":""Polygon"",""coordinates"":[[[92.06141870027719,25.015088702017184],[92.06141870027719,25.015182337958564],[92.06150785457608,25.015182374829955],[92.06150785457608,25.015271487267928],[92.06141870027719,25.015271540869545],[92.06141870027719,25.015360743756656],[92.0609682942847,25.01536071301391],[92.0609682942847,25.015271510108917],[92.06078998802033,25.015271526112382],[92.06078998802033,25.015088687208866],[92.06141870027719,25.015088702017184]]]}"
00000000000000000019,3423.686050535273,N25E092,0.453707456588745,0.453707456588745,0.453707456588745,26,field,0.488466601164611,305.8600827888089,1.474588705245272,large,2025/01/01 00:00:00,"{""type"":""Polygon"",""coordinates"":[[[92.04632905986884,25.125941933569376],[92.04632905986884,25.12531319721029],[92.0465074578813,25.125313188567194],[92.0465074578813,25.125402362117157],[92.04659665715522,25.125402402928025],[92.04659665715522,25.125491576449836],[92.04677498146911,25.125491568484225],[92.04677498146911,25.125585263955987],[92.04686866744265,25.125585242954845],[92.04686866744265,25.125763589851406],[92.04677498146911,25.125763610859916],[92.04677498146911,25.125852784274922],[92.04668578183846,25.125852743593704],[92.04668578183846,25.125941916987607],[92.04659665715522,25.12594196566635],[92.04659665715522,25.126031139039107],[92.0465074578813,25.126031098253073],[92.0465074578813,25.126120362044205],[92.04623993589864,25.12612032877349],[92.04623993589864,25.125941982024543],[92.04632905986884,25.125941933569376]]]}"
0000000000000000001a,1622.9926343124819,N25E092,0.464228272438049,0.449203819036484,0.464228272438049,27,field,0.452214717231511,190.1171565447038,1.331245349913994,large,2025/01/01 00:00:00,"{""type"":""Polygon"",""coordinates"":[[[92.28878382505003,25.016707335811525],[92.28878382505003,25.016618142806472],[92.28896213446261,25.01661821593621],[92.28896213446261,25.016707318473976],[92.28905136460433,25.016707399029126],[92.28905136460433,25.016796501539115],[92.28914051974832,25.01679658318578],[92.28914051974832,25.016974878585707],[92.28905136460433,25.01697488740629],[92.28905136460433,25.017068512810518],[92.28878382505003,25.017068540100045],[92.28878382505003,25.01688572175001],[92.28869016026805,25.016885708961894],[92.28869016026805,25.016707323015147],[92.28878382505003,25.016707335811525]]]}"
00000000000000000027,3153.9422872063724,N25E092,0.457570850849152,0.457570850849152,0.457570850849152,40,field,0.3904066123605545,407.14216366893174,2.045098721531564,large,2025/01/01 00:00:00,"{""type"":""Polygon"",""coordinates"":[[[92.07318628788938,25.10213929243078],[92.07318628788938,25.10204559127592],[92.07327546568415,25.102045617316477],[92.07327546568415,25.102139318467575],[92.0735474141691,25.102139244402135],[92.0735474141691,25.102857196832915],[92.07336905767194,25.102857235546722],[92.07336905767194,25.10240681958323],[92.07327546568415,25.10240685500321],[92.07327546568415,25.102946359213266],[92.07318628788938,25.102946333208713],[92.07318628788938,25.102767975831767],[92.07309711027261,25.102768040209106],[92.07309711027261,25.10249598169846],[92.07318628788938,25.102496007776928],[92.07318628788938,25.102406828977102],[92.07309711027261,25.10240680289507],[92.07309711027261,25.102139266338057],[92.07318628788938,25.10213929243078]]]}"
00000000000000000028,1981.8323536808114,N25E092,0.442895263433456,0.431260615587234,0.442895263433456,41,field,0.44027093043565374,213.5013799599348,1.352889410354681,large,2025/01/01 00:00:00,"{""type"":""Polygon"",""coordinates"":[[[92.09923630963783,25.141392743186394],[92.09923630963783,25.14130357616481],[92.0994191110556,25.14130353111576],[92.0994191110556,25.14202147861412],[92.09923630963783,25.142021433289585],[92.09923630963783,25.141932266442435],[92.0991471549174,25.14193225724633],[92.0991471549174,25.141392733968505],[92.09923630963783,25.141392743186394]]]}"
0000000000000000003b,901.7691059469084,N25E092,0.456289708614349,0.456289708614349,0.456289708614349,60,field,0.4243518377204875,150.33805017238078,1.41226535393626,medium,2025/01/01 00:00:00,"{""type"":""Polygon"",""coordinates"":[[[92.32498279631984,25.000266623859126],[92.32498279631984,25.000360252271797],[92.32480442085301,25.000360312252482],[92.32480442085301,25.000449507999274],[92.32471519576568,25.000449448032242],[92.32471519576568,25.000538643759285],[92.32453689657859,25.000538611787697],[92.32453689657859,25.000266682322504],[92.32498279631984,25.000266623859126]]]}"
00000000000000000044,1171.1438660454887,N25E092,0.447868704795837,0.447868704795837,0.447868704795837,69,field,0.48849844425282585,208.15054367929537,1.715803279268942,medium,2025/01/01 00:00:00,"{""type"":""Polygon"",""coordinates"":[[[92.06573062150508,25.13690241216114],[92.06573062150508,25.13699158174469],[92.06590902230454,25.13699163929787],[92.06590902230454,25.136902469721434],[92.0660026736594,25.136902436675648],[92.0660026736594,25.137080775796406],[92.06609183711268,25.137080804945533],[92.06609183711268,25.137169974465294],[92.06590902230454,25.13716997837663],[92.06590902230454,25.137259147878947],[92.06573062150508,25.137259180782653],[92.06573062150508,25.137080751303525],[92.06564145877307,25.13708081236339],[92.06564145877307,25.13699164280103],[92.06555229621911,25.136991613365744],[92.06555229621911,25.136902443775128],[92.06573062150508,25.13690241216114]]]}"
00000000000000000046,360.32149311919835,N25E092,0.430047005414963,0.430047005414963,0.430047005414963,71,field,0.4123205413930437,95.90865806199406,1.425304965688485,medium,2025/01/01 00:00:00,"{""type"":""Polygon"",""coordinates"":[[[92.10795389352757,25.145165138491798],[92.10795389352757,25.145075972869947],[92.10804306578325,25.145075976407607],[92.10804306578325,25.1452543076193],[92.10795389352757,25.145254304088876],[92.10795389352757,25.14534799124128],[92.10786022915798,25.145347960825532],[92.10786022915798,25.145165108068245],[92.10795389352757,25.145165138491798]]]}"
00000000000000000049,360.3595536960404,N25E092,0.459463000297546,0.459463000297546,0.459463000297546,74,field,0.21034927979895945,94.12817147624584,1.398771161964431,medium,2025/01/01 00:00:00,"{""type"":""Polygon"",""coordinates"":[[[92.03491822964858,25.136184483517685],[92.03491822964858,25.136273654514937],[92.0348290537453,25.13627369724429],[92.0348290537453,25.136362868220303],[92.03473987802055,25.136362910897216],[92.03473987802055,25.136273649480614],[92.03465070247428,25.136273692098122],[92.03465070247428,25.136184521090428],[92.03491822964858,25.136184483517685]]]}"
0000000000000000004b,360.63945122167524,N25E092,0.429771929979324,0.429771929979324,0.429771929979324,76,field,0.30290348853981286,76.0443747619066,1.129602239450795,medium,2025/01/01 00:00:00,"{""type"":""Polygon"",""coordinates"":[[[92.17864842970313,25.03098988297685],[92.17864842970313,25.031168180263833],[92.17847010475731,25.03116824806331],[92.17847010475731,25.03098986030106],[92.17864842970313,25.03098988297685]]]}"
00000000000000000050,1171.662862639696,N25E092,0.428571850061417,0.428571850061417,0.428571850061417,81,field,0.5006745430700322,153.8393840148778,1.26783071208011,medium,2025/01/01 00:00:00,"{""type"":""Polygon"",""coordinates"":[[[92.10382026926155,25.079322029003514],[92.10382026926155,25.079767948177974],[92.10364194174181,25.079767930454146],[92.10364194174181,25.079589562842862],[92.10354828638928,25.07958961723092],[92.10354828638928,25.079322065620296],[92.10382026926155,25.079322029003514]]]}"
00000000000000000054,360.2861230580785,N25E092,0.425560176372528,0.423648416996002,0.425560176372528,85,field,0.18640360079313578,76.008995177956,1.129630193055146,medium,2025/01/01 00:00:00,"{""type"":""Polygon"",""coordinates"":[[[92.07920603886657,25.159001691625438],[92.07920603886657,25.15918010783701],[92.07902765978358,25.159180067715333],[92.07902765978358,25.15900174191841],[92.07920603886657,25.159001691625438]]]}"
00000000000000000059,540.7153663405829,N25E092,0.452705293893814,0.452705293893814,0.452705293893814,90,field,0.4229498941390241,94.14604648379904,1.142122794627216,medium,2025/01/01 00:00:00,"{""type"":""Polygon"",""coordinates"":[[[92.06869590736201,25.093515371233263],[92.06869590736201,25.093693734040457],[92.06842840193795,25.09369373658578],[92.06842840193795,25.0935153737573],[92.06869590736201,25.093515371233263]]]}"
00000000000000000060,360.5288562398051,N25E092,0.427919894456863,0.427919894456863,0.427919894456863,97,field,0.41447416585605734,95.92968887291259,1.425207465265002,medium,2025/01/01 00:00:00,"{""type"":""Polygon"",""coordinates"":[[[92.03519024341857,25.077525080217836],[92.03519024341857,25.077431370412842],[92.03527942004489,25.077431420206327],[92.03527942004489,25.077703413735055],[92.03519024341857,25.077703363952267],[92.03519024341857,25.077614176870473],[92.03510106697078,25.07761421748178],[92.03510106697078,25.077525030372197],[92.03519024341857,25.077525080217836]]]}"
00000000000000000069,270.25831850389517,N25E092,0.313157737255096,0.313157737255096,0.313157737255096,106,field,-0.0072025424904293475,76.01485301842678,1.304379584757352,small,2025/01/01 00:00:00,"{""type"":""Polygon"",""coordinates"":[[[92.07821613373068,25.13887780267483],[92.07821613373068,25.1389669712134],[92.0781269460755,25.13896694974957],[92.0781269460755,25.139056208701575],[92.07803775859828,25.13905618718532],[92.07803775859828,25.138877850118675],[92.07821613373068,25.13887780267483]]]}"
0000000000000000006a,270.38845617134007,N25E092,0.41272383928299,0.41272383928299,0.41272383928299,107,field,0.45769107969183664,76.03216881831356,1.304362708320109,small,2025/01/01 00:00:00,"{""type"":""Polygon"",""coordinates"":[[[92.20164401156694,25.072044838597282],[92.20164401156694,25.07213402041069],[92.20155487853529,25.072133978936733],[92.20155487853529,25.07222316072967],[92.20146567065214,25.072223210758644],[92.20146567065214,25.07204484714098],[92.20164401156694,25.072044838597282]]]}"
0000000000000000006e,90.16005905161362,N25E092,0.433495908975601,0.433495908975601,0.433495908975601,111,field,0.4261285662651062,38.0221996370266,1.129601374195772,small,2025/01/01 00:00:00,"{""type"":""Polygon"",""coordinates"":[[[92.25392697037074,25.02703906268252],[92.25392697037074,25.027128254417935],[92.25383780930464,25.027128242714358],[92.25383780930464,25.027039050975073],[92.25392697037074,25.02703906268252]]]}"
00000000000000000073,180.2594789913323,N25E092,0.486916065216064,0.486916065216064,0.486916065216064,116,field,0.4191993459274894,56.13630257011713,1.179477923658389,small,2025/01/01 00:00:00,"{""type"":""Polygon"",""coordinates"":[[[92.08737954225725,25.077881722688474],[92.08737954225725,25.077970907627495],[92.08720120539957,25.07797096065091],[92.08720120539957,25.077881775704732],[92.08737954225725,25.077881722688474]]]}"
00000000000000000074,270.2013392697844,N25E092,0.410347282886505,0.410347282886505,0.410347282886505,117,field,0.3223979209744653,76.00726501863998,1.304386889019944,small,2025/01/01 00:00:00,"{""type"":""Polygon"",""coordinates"":[[[92.02315064645266,25.168521954386208],[92.02315064645266,25.16843270147683],[92.02323987370049,25.16843275423492],[92.02323987370049,25.168611079164847],[92.02306149411316,25.168611063018968],[92.02306149411316,25.16852190055953],[92.02315064645266,25.168521954386208]]]}"
00000000000000000081,90.16315402247432,N25E092,0.405242890119553,0.405242890119553,0.405242890119553,130,field,0.3748321831226349,38.022856161393165,1.12960149083532,small,2025/01/01 00:00:00,"{""type"":""Polygon"",""coordinates"":[[[92.15726707110754,25.027578686588733],[92.15726707110754,25.027667791821226],[92.15717787594738,25.027667813287554],[92.15717787594738,25.02757861758919],[92.15726707110754,25.027578686588733]]]}"
00000000000000000083,180.26840601131184,N25E092,0.445944011211395,0.445944011211395,0.445944011211395,132,field,0.42009556108871393,56.13813505297609,1.179487220284028,small,2025/01/01 00:00:00,"{""type"":""Polygon"",""coordinates"":[[[92.0936669134314,25.07132684638255],[92.0936669134314,25.071416032853392],[92.09348855150783,25.071416093231406],[92.09348855150783,25.07132690675339],[92.0936669134314,25.07132684638255]]]}"
0000000000000000008d,180.26747521693807,N25E092,0.395303279161453,0.383703947067261,0.395303279161453,142,field,0.41238014948995483,57.9132450648583,1.216786213601916,small,2025/01/01 00:00:00,"{""type"":""Polygon"",""coordinates"":[[[92.0440817247538,25.074827313001357],[92.0440817247538,25.075010120197803],[92.04399253051147,25.075010075821016],[92.04399253051147,25.074827268617366],[92.0440817247538,25.074827313001357]]]}"
00000000000000000097,14153.087626750861,N25E092,0.452729225158691,0.44699889421463,0.452729225158691,152,field,0.3614175063292275,883.302446666417,2.09449295352863,very_large,2025/01/01 00:00:00,"{""type"":""Polygon"",""coordinates"":[[[92.3210319922893,25.042039519132935],[92.3210319922893,25.04177196475562],[92.32094284981963,25.04177199355375],[92.32094284981963,25.041589101280792],[92.3210319922893,25.041589162942003],[92.3210319922893,25.041410793138326],[92.32112121015945,25.04141076313093],[92.32112121015945,25.041499948040816],[92.32121035297835,25.04149991914266],[92.32121035297835,25.041054084824022],[92.32138871436615,25.04105402572988],[92.32138871436615,25.040960408595602],[92.32148237130045,25.04096039983544],[92.32148237130045,25.04105401696533],[92.32157159005318,25.041054077141755],[92.32157159005318,25.041232447089552],[92.32148237130045,25.041232386921127],[92.32148237130045,25.041410756780756],[92.32138871436615,25.041410765562034],[92.32138871436615,25.04149995045997],[92.32166073375393,25.041499972649586],[92.32166073375393,25.041950328820086],[92.32174995285618,25.041950298392976],[92.32174995285618,25.042400653930198],[92.32183909690616,25.042400715047506],[92.32183909690616,25.042579084245222],[92.32174995285618,25.042579023135914],[92.32174995285618,25.04266820770269],[92.32166073375393,25.042668238161838],[92.32166073375393,25.04275742270854],[92.32148237130045,25.04275739184595],[92.32148237130045,25.042846576376586],[92.32129957119803,25.042846614295517],[92.32129957119803,25.04294023090011],[92.32121035297835,25.04294026108796],[92.32121035297835,25.043029445581432],[92.32112121015945,25.04302947454775],[92.32112121015945,25.043118568570357],[92.32094284981963,25.043118627512076],[92.32094284981963,25.04302944303071],[92.32085363229902,25.04302947299806],[92.32085363229902,25.042039487415114],[92.3210319922893,25.042039519132935]],[[92.3210319922893,25.04231150539271],[92.32121035297835,25.042311536861806],[92.32121035297835,25.04240072152483],[92.3210319922893,25.042400690063705],[92.3210319922893,25.04231150539271]],[[92.32112121015945,25.042489844655137],[92.32121035297835,25.042489906163805],[92.32121035297835,25.042579090778727],[92.32129957119803,25.04257906060699],[92.32129957119803,25.04266824519388],[92.32112121015945,25.04266821386893],[92.32112121015945,25.042489844655137]]]}"
000000000000000000a0,8018.429209611823,N25E092,0.467209041118622,0.467209041118622,0.467209041118622,161,field,0.43069646816168516,476.0054670088762,1.499554860995523,very_large,2025/01/01 00:00:00,"{""type"":""Polygon"",""coordinates"":[[[92.14370694172283,25.12324864178255],[92.14370694172283,25.123159471554153],[92.14379611015056,25.123159454595687],[92.14379611015056,25.12297668268898],[92.14370694172283,25.122976609203523],[92.14370694172283,25.12279826857196],[92.14406369142789,25.122798289819524],[92.14406369142789,25.122887460132898],[92.14415286056384,25.122887442961513],[92.14415286056384,25.1229766132466],[92.1442420298768,25.12297668645189],[92.1442420298768,25.123065856708678],[92.14442486498805,25.123065847793917],[92.14442486498805,25.123159449398237],[92.14451403484098,25.123159522425063],[92.14451403484098,25.12324869262017],[92.14460320487092,25.123248675150975],[92.14460320487092,25.123427015459995],[92.14451403484098,25.12342703293653],[92.14451403484098,25.123516203057786],[92.14442486498805,25.12351622048198],[92.14442486498805,25.123605390582302],[92.14433569531215,25.123605407954145],[92.14433569531215,25.123694578033522],[92.1442420298768,25.123694569625908],[92.1442420298768,25.123788171055978],[92.14415286056384,25.123788188320482],[92.14415286056384,25.12387735835694],[92.14397444753712,25.12387739380358],[92.14397444753712,25.123966563822776],[92.14379611015056,25.123966597974235],[92.14379611015056,25.123788167460386],[92.14370694172283,25.12378818444474],[92.14370694172283,25.123516242756303],[92.14361327759858,25.123516233926026],[92.14361327759858,25.123248632940683],[92.14370694172283,25.12324864178255]]]}"
000000000000000000aa,14787.601755792733,N25E092,0.454738736152649,0.413048446178436,0.449545323848724,171,field,0.1985685161208064,1026.646308174533,2.3815902556216,very_large,2025/01/01 00:00:00,"{""type"":""Polygon"",""coordinates"":[[[92.06222580747189,25.025063711863233],[92.06222580747189,25.02497007873588],[92.06249776347498,25.024970034085943],[92.06249776347498,25.02488092428435],[92.06267615135701,25.02488090435088],[92.06267615135701,25.02479170406563],[92.06294818489997,25.02479174801237],[92.06294818489997,25.024970058070526],[92.06303734225355,25.02497009359612],[92.06303734225355,25.025420436870874],[92.0631264997852,25.025420472322793],[92.0631264997852,25.025598782029398],[92.06321573229171,25.025598816385603],[92.06321573229171,25.025692449294507],[92.06330489017962,25.025692484624038],[92.06330489017962,25.02587079417049],[92.06321573229171,25.025870849314572],[92.06321573229171,25.026767099892645],[92.06276530816729,25.02676707711383],[92.06276530816729,25.026677877338557],[92.06294818489997,25.026677885428864],[92.06294818489997,25.026588685636888],[92.06249776347498,25.026588752443352],[92.06249776347498,25.026138320177665],[92.06240860719902,25.026138374827607],[92.06240860719902,25.02587077488092],[92.06276530816729,25.02587082635596],[92.06276530816729,25.025598793372406],[92.06267615135701,25.025598848168322],[92.06267615135701,25.02569248109971],[92.06258699472477,25.025692445376983],[92.06258699472477,25.02578164542397],[92.0623194511011,25.025781629430863],[92.0623194511011,25.025692429373258],[92.06222580747189,25.025692455368265],[92.06222580747189,25.02550962230769],[92.0623194511011,25.02550959632029],[92.0623194511011,25.02542039618965],[92.06267615135701,25.025420447959334],[92.06267615135701,25.025331247818922],[92.06285453995186,25.02533122762651],[92.06285453995186,25.02524211793593],[92.06249776347498,25.025242067616688],[92.06249776347498,25.025331267788133],[92.06213657694407,25.02533127749531],[92.06213657694407,25.025063676866136],[92.06222580747189,25.025063711863233]],[[92.06276530816729,25.025960026347963],[92.06285453995186,25.025959970449332],[92.06285453995186,25.02613837035443],[92.06276530816729,25.026138335793647],[92.06276530816729,25.025960026347963]]]}"
000000000000000000b2,6035.639517376387,N25E092,0.310667008161545,0.220199272036552,0.310667008161545,179,field,0.5488006685659544,544.8509326391413,1.978386409323982,very_large,2025/01/01 00:00:00,"{""type"":""Polygon"",""coordinates"":[[[92.0065316429403,25.1456154893118],[92.0065316429403,25.145526319803412],[92.00670995624999,25.145526358477053],[92.00670995624999,25.14561552797856],[92.0068928271153,25.145615505001835],[92.0068928271153,25.145526335507384],[92.00743233043222,25.145526297626596],[92.00743233043224,25.145704726984643],[92.00734313488765,25.14570466342127],[92.00734313488765,25.14588309268705],[92.00724953205047,25.145883088492457],[92.00724953205047,25.14597668921182],[92.00734313488765,25.145976693402613],[92.00734313488765,25.14624420138416],[92.00724953205047,25.146244287639586],[92.00724953205047,25.1463334569208],[92.0068928271153,25.146333381834527],[92.0068928271153,25.14624421253953],[92.00662076215481,25.146244262005897],[92.00662076215481,25.14633343131138],[92.0065316429403,25.14633345669211],[92.0065316429403,25.14624428738319],[92.00644244920292,25.1462442232759],[92.00644244920292,25.14606588457682],[92.00680363265319,25.14606590042295],[92.00680363265319,25.145976731050183],[92.0069819470539,25.14597667891256],[92.0069819470539,25.145793908765683],[92.00644244920292,25.145793854565046],[92.00644244920292,25.145615515615713],[92.0065316429403,25.1456154893118]]]}"
000000000000000000b4,35787.68508368015,N25E092,0.484829306602478,0.473420917987823,0.491946280002594,181,field,0.019463142302382344,1850.1421972198552,2.758883570432524,very_large,2025/01/01 00:00:00,"{""type"":""Polygon"",""coordinates"":[[[92.05189853983602,25.05749032708445],[92.05189853983602,25.05740113516689],[92.05198767511554,25.057401085858473],[92.05198767511554,25.05749027777252],[92.05207688535134,25.057490317835164],[92.05207688535134,25.057668701583697],[92.05216602098726,25.057668652153176],[92.05216602098726,25.057579460294505],[92.05234444235064,25.057579449675224],[92.05234444235064,25.057668641526853],[92.05252727638248,25.057668660470238],[92.05252727638248,25.05757946862584],[92.05297318518217,25.057579487813616],[92.05297318518217,25.057668679640393],[92.05315594701108,25.057668698805433],[92.05315594701108,25.058029807831904],[92.05324515958331,25.05802984714158],[92.05324515958331,25.05839104621555],[92.05315594701108,25.058391006920203],[92.05315594701108,25.05865858164659],[92.05333437233396,25.058658569702267],[92.05333437233396,25.057940694680752],[92.05324515958331,25.057940655423412],[92.05324515958331,25.057668647671196],[92.0537847012805,25.05766864287925],[92.0537847012805,25.057762267100248],[92.05396305433686,25.057762345926413],[92.05396305433686,25.05785144720638],[92.05405226852315,25.05785148601768],[92.05405226852315,25.05776229428308],[92.05414140810625,25.057762334071118],[92.05414140810625,25.057851525802185],[92.0545918199817,25.057851478125237],[92.0545918199817,25.057940669814343],[92.05477017626475,25.05794065715777],[92.05477017626475,25.058119040449355],[92.05468096064284,25.058119002098273],[92.05468096064284,25.058391009305193],[92.0545918199817,25.058391060337666],[92.0545918199817,25.058658544435858],[92.05450260471646,25.05865859645236],[92.05450260471646,25.05883697937595],[92.05441346441167,25.058836939856526],[92.05441346441168,25.05901975512274],[92.05405226852315,25.05901975077601],[92.05405226852315,25.058926126923865],[92.05396305433686,25.05892608815518],[92.05396305433686,25.059019802468857],[92.05360186209496,25.059019796980124],[92.05360186209496,25.05883698164817],[92.05351272358993,25.058836941565108],[92.05351272358993,25.05892613302978],[92.05342351048263,25.0589260939232],[92.05342351048263,25.059019808259286],[92.05288397315384,25.059019812006262],[92.05288397315384,25.058926097647785],[92.05279476130393,25.058926148605345],[92.05279476130393,25.059019772509647],[92.05252727638248,25.059019742085923],[92.05252727638248,25.058658543587168],[92.0526164129184,25.058658584293912],[92.0526164129184,25.058569392721303],[92.05279476130393,25.05856938248816],[92.05279476130393,25.058658574053716],[92.05288397315384,25.058658613564656],[92.05288397315384,25.05856942200263],[92.05297318518217,25.058569371003248],[92.05297318518217,25.058480179420556],[92.05252727638248,25.058480250868744],[92.05252727638248,25.058391059244293],[92.05243806524592,25.05839101949937],[92.05243806524592,25.058480211127364],[92.05234444235064,25.058480231991116],[92.05234444235064,25.058569423598627],[92.05243806524592,25.058569402731194],[92.05243806524592,25.058836977397593],[92.05234444235064,25.058836907818183],[92.05234444235064,25.05892609932901],[92.05225523157975,25.058926149948718],[92.05225523157975,25.059019773875395],[92.05198767511554,25.059019743466624],[92.05198767511554,25.05856944374215],[92.05189853983602,25.058569402638476],[92.05189853983602,25.057579518977835],[92.0518093299569,25.057579478807046],[92.0518093299569,25.057490286910134],[92.05189853983602,25.05749032708445]],[[92.05414140810625,25.05820820202671],[92.05432424950307,25.058208218620106],[92.05432424950307,25.058297410223105],[92.05414140810625,25.05829739363694],[92.05414140810625,25.05820820202671]],[[92.05414140810625,25.05839101766428],[92.05423510955465,25.058390994594138],[92.05423510955465,25.058569377683945],[92.05414140810625,25.05856940076148],[92.05414140810625,25.05839101766428]],[[92.05360186209496,25.05820820829858],[92.05369548762928,25.058208186619748],[92.05369548762928,25.058658576955885],[92.05360186209496,25.058658598653377],[92.05360186209496,25.05820820829858]]]}"
000000000000000000bc,12624.706816627773,N25E092,0.47379258275032,0.459811329841614,0.47379258275032,189,field,-0.10250345657016993,840.0939602427156,2.109173371814367,very_large,2025/01/01 00:00:00,"{""type"":""Polygon"",""coordinates"":[[[92.09753296867609,25.012667392337455],[92.09753296867609,25.01275659447542],[92.09762212018158,25.012756609901583],[92.09762212018158,25.012667407767218],[92.09788965061828,25.01266745267126],[92.09788965061828,25.01248461538403],[92.09771134671918,25.012484584788652],[92.09771134671918,25.012395382585133],[92.09762212018158,25.01239536825069],[92.09762212018158,25.01230625648851],[92.09771134671918,25.01230618035776],[92.09771134671918,25.01167751205651],[92.09762212018158,25.011677497693032],[92.09762212018158,25.011588295270087],[92.09753296867609,25.01158827979671],[92.09753296867609,25.011227127335104],[92.09762212018158,25.011227142823074],[92.09762212018158,25.01113794027972],[92.09780049857994,25.01113797004501],[92.09780049857994,25.01131628462439],[92.09788965061828,25.011316299941406],[92.09788965061828,25.011766654636467],[92.09807252139194,25.01176671144185],[92.09807252139194,25.01203422797257],[92.09816167397207,25.012034243090422],[92.09816167397207,25.01212787834515],[92.09825082672977,25.01212789340345],[92.09825082672977,25.012395409622908],[92.09834005452062,25.01239542356374],[92.09834005452062,25.012573737427395],[92.09851843578002,25.01257376617803],[92.09851843578002,25.01302411904706],[92.09753296867609,25.013024110277556],[92.09753296867609,25.0132025143388],[92.09735010010675,25.013202547428826],[92.09735010010675,25.013113345402758],[92.09726094914308,25.013113329820857],[92.09726094914308,25.01293492568993],[92.09717172350332,25.012935001563992],[92.09717172350332,25.012667395177903],[92.09753296867609,25.012667392337455]]]}"
000000000000000000be,6575.379766285167,N25E092,0.482026427984238,0.482026427984238,0.482026427984238,191,field,0.13813238183141946,343.83217927428007,1.196137668863562,very_large,2025/01/01 00:00:00,"{""type"":""Polygon"",""coordinates"":[[[92.0690571469553,25.15639316045888],[92.0690571469553,25.156214832313363],[92.06959224174489,25.156214808390455],[92.06959224174489,25.156303972454353],[92.06968582601624,25.156303937212456],[92.06968582601624,25.15702186072277],[92.06959224174489,25.157021895994568],[92.06959224174489,25.15711549089593],[92.0690571469553,25.157115515033794],[92.0690571469553,25.156843501885028],[92.06896348919477,25.156843537774943],[92.06896348919477,25.15639319633003],[92.0690571469553,25.15639316045888]]]}"
